,Account Name,Date Created,Tweet,Pos. Sentiment Score,Neg. Sentiment Score,Neut. Sentiment Score,Comp. Sentiment Score
0,@BBC,Mon Jan 08 21:29:44 +0000 2018,"RT @bbc5live: Looking for some exercise and nutrition advice? ?

Joe Wicks, aka @thebodycoach, shares his tips on how to sustain a long ter…",0.095,0.0,0.905,0.296
1,@BBC,Mon Jan 08 21:29:01 +0000 2018,"RT @bbcasiannetwork: ? The Asian Network Future Sounds 2018 list is live! ?
?? Get these artists on your radar right now ??
@rikaldn 
@nash…",0.0,0.0,1.0,0.0
2,@BBC,Mon Jan 08 21:28:07 +0000 2018,"RT @bbcthesocial: Jordan thought nobody would give him a chance after prison, but now he's training to be a chef 

#IntoIt https://t.co/GVV…",0.069,0.099,0.831,-0.1655
3,@BBC,Mon Jan 08 21:27:12 +0000 2018,"RT @bbcworldservice: ""Our job as journalists is to bring the story back and to make sure that these things are not invisible."" @cmittermeie…",0.095,0.0,0.905,0.3182
4,@BBC,Mon Jan 08 21:23:06 +0000 2018,RT @BBCiPlayer: ? #HardSun is the new #boxset to get stuck into this week. #iplayerit https://t.co/7AEUPTrmRV https://t.co/DTxDAF4217,0.0,0.118,0.882,-0.25
5,@BBC,Mon Jan 08 21:22:32 +0000 2018,RT @BBCWthrWatchers: Some cracking sunsets ? in the north of the UK earlier. Cloudier conditions arriving overnight may limit the number of…,0.061,0.0,0.939,0.0772
6,@BBC,Mon Jan 08 20:30:06 +0000 2018,"The #SilentWitness team are back. 

9pm | @BBCOne | https://t.co/nluMqMB9kB https://t.co/XNJzlzoti7",0.0,0.0,1.0,0.0
7,@BBC,Mon Jan 08 20:04:03 +0000 2018,Recy Taylor: who was the woman Oprah mentioned in her #GoldenGlobes speech? https://t.co/tiynXeMmCO https://t.co/1Pw4pUEQRY,0.0,0.0,1.0,0.0
8,@BBC,Mon Jan 08 19:37:04 +0000 2018,"Tonight, go beyond the theatre doors and discover how surgeons push medical boundaries to the limits. ? 

Surgeons:… https://t.co/ZOnkfmFkDY",0.0,0.0,1.0,0.0
9,@BBC,Mon Jan 08 19:02:01 +0000 2018,"?? The moment a moose, which got stuck up to its neck in snow, is freed by rescuers in Canada. ? https://t.co/edDNzLFP2c",0.119,0.088,0.793,0.1779
10,@BBC,Mon Jan 08 18:32:04 +0000 2018,?? This year you can get 24 days off in a row using just 14 days of leave! https://t.co/ffVi0OKWIv https://t.co/3bIJLmeK4s,0.0,0.077,0.923,-0.126
11,@BBC,Mon Jan 08 18:02:04 +0000 2018,?? It was a big day for Princess Charlotte today as she started at nursery school. https://t.co/uZm4XqMPhV https://t.co/tVw11CKnVf,0.0,0.0,1.0,0.0
12,@BBC,Mon Jan 08 17:30:06 +0000 2018,??This mum is taking on the global airline industry to get wheelchairs allowed on planes. https://t.co/C5suKv2fJy,0.0,0.0,1.0,0.0
13,@BBC,Mon Jan 08 17:09:03 +0000 2018,"This #MeatFreeMonday, why not give one of these veggie pasta bakes a go? ??? https://t.co/BFvmdF4FZi https://t.co/ZRXjL2ZASs",0.0,0.0,1.0,0.0
14,@BBC,Mon Jan 08 16:48:04 +0000 2018,"'I still have that karaoke machine!' ????

@Camila_Cabello explains how a @BritneySpears karaoke CD made her Christ… https://t.co/G2WJxboW67",0.0,0.0,1.0,0.0
15,@BBC,Mon Jan 08 16:33:07 +0000 2018,These are some of the most striking photographs taken last week from around the world. ? https://t.co/nbDyZEg9YW https://t.co/ixljaLS7bq,0.0,0.0,1.0,0.0
16,@BBC,Mon Jan 08 16:00:05 +0000 2018,Judi Dench and Maggie Smith star as two sisters whose lives are changed when they befriend a man they find on the b… https://t.co/a9hqMWL9bV,0.0,0.0,1.0,0.0
17,@BBC,Mon Jan 08 15:27:21 +0000 2018,"?Eight books that will make you want to run away with the circus. ?? https://t.co/ahZU4Dn2kD

#LoveToRead https://t.co/FnPS49sYg6",0.075,0.0,0.925,0.0772
18,@BBC,Mon Jan 08 15:00:07 +0000 2018,?? If you're married then it might be best to tread carefully today which has been dubbed #DivorceDay by lawyers.… https://t.co/tamDjAjpmp,0.231,0.0,0.769,0.6908
19,@BBC,Mon Jan 08 14:30:06 +0000 2018,Repeat bouts of warmer seawater are posing a significant challenge to the world's coral reefs. ? ? ?… https://t.co/nLE91lQxyt,0.29,0.0,0.71,0.5106
20,@BBC,Mon Jan 08 14:03:04 +0000 2018,"'Having kids ruins your life in the best way possible.'
11 things we learned from Charlie Brooker’s Desert Island D… https://t.co/qcyMA9KdNA",0.161,0.111,0.728,0.3182
21,@BBC,Mon Jan 08 13:43:59 +0000 2018,RT @bbcthesocial: WTF is #hygge? https://t.co/M04sxI3XMt,0.0,0.476,0.524,-0.6739
22,@BBC,Mon Jan 08 13:40:41 +0000 2018,RT @bbcrb: Any spare paper laying about in your office? Donate some today ! ? https://t.co/FWCGmnJK6Y,0.0,0.0,1.0,0.0
23,@BBC,Mon Jan 08 13:33:04 +0000 2018,"New year, new me? ? 

? ?  From taking photos inside active volcanoes to jousting, here are 8 hobbies you probably… https://t.co/wGtHBd3TK1",0.137,0.0,0.863,0.4019
24,@BBC,Mon Jan 08 13:00:08 +0000 2018,?? This 16-year-old girl from East Kilbride has made F4 motor racing history. https://t.co/LHhhU6vKY8,0.0,0.0,1.0,0.0
25,@BBC,Mon Jan 08 12:40:13 +0000 2018,RT @BBCCornwall: ?? Even the dolphins had a lovely time playing in the #SundaySunshine in Mounts Bay ???? Thanks to #drone operator Simon S…,0.298,0.0,0.702,0.8176
26,@BBC,Mon Jan 08 12:37:56 +0000 2018,RT @BBC100women: The red carpet was a sea of black dresses and suits at the #GoldenGlobes.  Stars discuss #WhyWeWearBlack and make it very…,0.0,0.0,1.0,0.0
27,@BBC,Mon Jan 08 12:37:14 +0000 2018,"RT @BBCSpringwatch: 50 million trees are going to be planted ?
https://t.co/x4Enjn8H2A",0.0,0.0,1.0,0.0
28,@BBC,Mon Jan 08 12:37:05 +0000 2018,"RT @bbccomedy: So, how you feeling today? ?? #MondayMotivation https://t.co/dyRd1shmfq",0.164,0.0,0.836,0.1935
29,@BBC,Mon Jan 08 12:36:01 +0000 2018,"RT @BBCOne: ? Thick fur and enormous feet help Canada lynx deal with deep snow and arctic conditions. 

? #BigCats, Thursday at 8pm on @BBC…",0.109,0.0,0.891,0.4019
30,@BBC,Mon Jan 08 12:29:03 +0000 2018,"On what would have been #DavidBowie's 71st birthday, here are 8 life lessons we can take away from the Star Man's t… https://t.co/kbSD0N77jx",0.0,0.0,1.0,0.0
31,@BBC,Mon Jan 08 12:28:45 +0000 2018,"RT @bbcasiannetwork: ? ""They walk in the room and they let everybody know.""
@iamwill tells @HarpreetUK how he's been inspired to ditch the…",0.132,0.0,0.868,0.4939
32,@BBC,Mon Jan 08 11:53:03 +0000 2018,"?Our universe has a speed limit of 299,792 km p/s (which is also the rate at which light travels), but what is it t… https://t.co/dFDyB5aZ1F",0.0,0.0,1.0,0.0
33,@BBC,Mon Jan 08 11:29:26 +0000 2018,The biggest moments from last night's #GoldenGlobes. ? ? https://t.co/GZCJztqRln https://t.co/23LJXnf3wN,0.0,0.0,1.0,0.0
34,@BBC,Mon Jan 08 09:57:36 +0000 2018,Some powerful speeches and statements from this year's #GoldenGlobes. https://t.co/ewKAhPtHoV,0.237,0.0,0.763,0.4215
35,@BBC,Mon Jan 08 09:00:06 +0000 2018,We have a 'supermoon trilogy' coming in January &amp; the final one - a 'Super Blue Blood Moon' - could be the most rar… https://t.co/nbwHZdXRSh,0.163,0.0,0.837,0.5994
36,@BBC,Mon Jan 08 08:46:52 +0000 2018,RT @BBCWorld: Golden Globes 2018: Why stars wore black on the red carpet https://t.co/P4LUZTeOFQ,0.0,0.0,1.0,0.0
37,@BBC,Mon Jan 08 08:46:36 +0000 2018,RT @BBCEngland: Commuters face up to three days of disruption as staff at five train firms begin a fresh wave of strikes in separate disput…,0.081,0.177,0.742,-0.4019
38,@BBC,Mon Jan 08 08:45:11 +0000 2018,"RT @BBCNewsbeat: Here are the eight big moments from the #GoldenGlobes last night:

https://t.co/DzbliYugWt https://t.co/zDM1kl7WNm",0.0,0.0,1.0,0.0
39,@BBC,Mon Jan 08 08:44:58 +0000 2018,RT @bbcthree: You'll never complain about your commute again after you see these bonkers journeys https://t.co/43I5HefpJ8 https://t.co/dzWJ…,0.117,0.0,0.883,0.2755
40,@BBC,Mon Jan 08 08:44:11 +0000 2018,"RT @bbcgetinspired: You can do it! ? 

@AdeleRoberts is on a mission to get you active with her January health hacks. #GetInspired #MondayM…",0.13,0.0,0.87,0.4574
41,@BBC,Mon Jan 08 08:44:05 +0000 2018,"RT @bbcworldservice: ""The fact that we have an epidemic of depression... is telling us that we've built a society that doesn't match people…",0.0,0.0,1.0,0.0
42,@BBC,Mon Jan 08 08:40:02 +0000 2018,"Beef farmer Jay gave up his family farm to send his herd to live out their days in a sanctuary. ????
#EverydayHeroes https://t.co/IjBP8kxfNA",0.0,0.0,1.0,0.0
43,@BBC,Mon Jan 08 08:40:00 +0000 2018,"RT @BBC6Music: ??? Today would have been David Bowie's 71st Birthday. In 1973 on @BBC's Nationwide, he contemplated life after Ziggy Stardu…",0.0,0.0,1.0,0.0
44,@BBC,Mon Jan 08 08:33:02 +0000 2018,When you wake up and remember you're expected to work five whole days this week. ? #MondayMorning https://t.co/Ju3oKV1rep,0.0,0.0,1.0,0.0
45,@BBC,Mon Jan 08 08:00:08 +0000 2018,??? Why do some people need several cups of coffee just to get through the day? https://t.co/L3POHVgHjE,0.0,0.0,1.0,0.0
46,@BBC,Mon Jan 08 07:38:10 +0000 2018,??? Preserving Morocco's grand gardens. https://t.co/Rh4tovuLZu https://t.co/KVYNRy7ZdT,0.333,0.0,0.667,0.4588
47,@BBC,Sun Jan 07 20:03:03 +0000 2018,"Switzerland's Schindler? 
Carl Lutz is the forgotten Swiss diplomat who rescued thousands from Holocaust.… https://t.co/LNzRhFR6LN",0.158,0.107,0.734,0.2263
48,@BBC,Sun Jan 07 19:30:04 +0000 2018,"Tonight, Michael Palin shares the story behind his outstanding career in television and film. ? 

Michael Palin: A… https://t.co/VOYzhp6JyU",0.279,0.0,0.721,0.7351
49,@BBC,Sun Jan 07 19:25:10 +0000 2018,RT @BBCWorld: Snowing or glowing? https://t.co/em8Ks1aGPZ,0.0,0.0,1.0,0.0
50,@BBC,Sun Jan 07 19:22:48 +0000 2018,"RT @BBCRadio4: ? Roll up! Roll up!
https://t.co/AeAloY7XGG",0.0,0.0,1.0,0.0
51,@BBC,Sun Jan 07 19:19:39 +0000 2018,"RT @bbccomedy: We can't keep up with the Karcrashians. OHMIGOD, SO PWETTY!!!! https://t.co/eJV7FijmOB",0.0,0.0,1.0,0.0
52,@BBC,Sun Jan 07 19:18:56 +0000 2018,"RT @bbcmusic: Ed Sheeran performing 'Perfect' with Jools Holland and his Rhythm &amp; Blues Orchestra was rather exceptional ?
-
Miss the show?…",0.0,0.074,0.926,-0.1531
53,@BBC,Sun Jan 07 19:00:05 +0000 2018,"You can learn what an animal sounds like from what it evolved to hear. 

And it turns out, T rex sounded nothing li… https://t.co/BuXuJ3majp",0.102,0.0,0.898,0.3612
54,@BBC,Sun Jan 07 18:32:03 +0000 2018,"Tonight, David Attenborough attempts to animate the life of a 200-million-year-old ichthyosaur. ? 

Attenborough an… https://t.co/xWsAFgCQu8",0.0,0.0,1.0,0.0
55,@BBC,Sun Jan 07 17:59:05 +0000 2018,Budget Italian feasts the whole family will love. ? https://t.co/MtSlOvp6m6 https://t.co/8fCY2ToBM6,0.318,0.0,0.682,0.6369
56,@BBC,Sun Jan 07 17:19:01 +0000 2018,"What's the true scale of the global trade in humans? 
#McMafia https://t.co/3X7YDsabMv",0.203,0.0,0.797,0.4215
57,@BBC,Sun Jan 07 16:53:27 +0000 2018,"The best, worst and weirdest #FACup fan fashion. ??? https://t.co/hDEBwew84U https://t.co/1DMfVbC8oJ",0.333,0.308,0.359,0.128
58,@BBC,Sun Jan 07 16:34:03 +0000 2018,RT @BBC_designed: Eastern Block design is back and it’s inspiring a whole new fashion movement. ? https://t.co/xS6vJ68vX8,0.15,0.155,0.695,-0.0258
59,@BBC,Sun Jan 07 16:31:59 +0000 2018,RT @BBCWorld: A beauty contest with a difference ? https://t.co/ardDeFBwO5,0.388,0.0,0.612,0.5859
60,@BBC,Sun Jan 07 16:31:55 +0000 2018,RT @bbcthree: Becoming a single mum was the best thing that happened to me  https://t.co/64ZeqQRwE0 https://t.co/bJROBhtERz,0.231,0.0,0.769,0.6369
61,@BBC,Sun Jan 07 16:31:45 +0000 2018,RT @BBCScotland: 'Official sightings' of Nessie in 2017 were the highest this century ? https://t.co/eToUiRbB0Z,0.0,0.0,1.0,0.0
62,@BBC,Sun Jan 07 16:31:39 +0000 2018,RT @bbccomedy: When your wife is definitely not your wife... ?? #WouldILieToYou @joelycett https://t.co/Rr268sR8p6,0.172,0.0,0.828,0.4019
63,@BBC,Sun Jan 07 16:30:09 +0000 2018,"The Ricky &amp; Graham Show, anyone?

#TheGNShow https://t.co/BvFk05j0Zq",0.0,0.0,1.0,0.0
64,@BBC,Sun Jan 07 16:27:07 +0000 2018,"RT @bbcmusic: You might recognise some of the names who voted in the #SoundOf2018 poll..

Hiya @stormzy1, @elliegoulding and @alexander_oll…",0.0,0.0,1.0,0.0
65,@BBC,Sun Jan 07 16:25:04 +0000 2018,RT @BBCTwo: Here's why doves will not be appearing at the Tokyo 2020 Olympics. ?? #QI https://t.co/Fm1FX4WzTQ,0.0,0.0,1.0,0.0
66,@BBC,Sun Jan 07 16:19:01 +0000 2018,"RT @BBCOne: ? INCOMING. 
#McMafia continues tonight at 9pm, @BBCOne. Don’t be late. https://t.co/z1JBKX7RAl",0.0,0.0,1.0,0.0
67,@BBC,Sun Jan 07 16:18:25 +0000 2018,RT @bbcworldservice: Could one of the toughest cycling races bring unity to Colombia? More here: https://t.co/mFL1O9spkM https://t.co/jnwDG…,0.0,0.075,0.925,-0.0772
68,@BBC,Sun Jan 07 16:00:07 +0000 2018,"Burnt out? Here are 8 locations to help you get way, way away from it all. ? https://t.co/qINvxQrMPA https://t.co/CsANInn8PN",0.144,0.0,0.856,0.4019
69,@BBC,Sun Jan 07 15:30:05 +0000 2018,"Are you prepared for the collapse of society? ?
Here’s the knowledge you’d need to reboot civilisation. ?… https://t.co/RQTUOyeMQC",0.09,0.152,0.758,-0.3182
70,@BBC,Sun Jan 07 15:01:01 +0000 2018,"Take a peek #InsideTheFactory to see how a fish finger is made. ???
https://t.co/FejNIi4sHz",0.0,0.0,1.0,0.0
71,@BBC,Sun Jan 07 14:30:02 +0000 2018,This fisherman in Cornwall is helping to save cetaceans by using modern technology to aid his fishing practices. ?? https://t.co/rLNKLQxfWf,0.231,0.0,0.769,0.6597
72,@BBC,Sun Jan 07 14:00:04 +0000 2018,"The year is 2018.
Music is changing fast, but can the humans keep up?
Here's a handful of possible outcomes. ?… https://t.co/pqYeLWwHNz",0.0,0.0,1.0,0.0
73,@BBC,Sun Jan 07 13:33:06 +0000 2018,Take a look at some of the best photographs of the UK from last year. ? https://t.co/why5ck9xKk https://t.co/XJfduxho1z,0.219,0.0,0.781,0.6369
74,@BBC,Sun Jan 07 13:10:30 +0000 2018,"RT @BBCRadio4: ‘I exaggerate for comic effect’ 
@charltonbrooker on his on-screen persona. 
#desertislanddiscs 
https://t.co/tdfpZEd4cj",0.0,0.11,0.89,-0.1531
75,@BBC,Sun Jan 07 13:00:04 +0000 2018,"Is this the new age of the train? 

? @BBC_Culture explores the brave new world of futuristic rail travel.… https://t.co/x6UBsXe6Eq",0.159,0.0,0.841,0.5267
76,@BBC,Sun Jan 07 12:33:59 +0000 2018,"RT @BBCOne: A mysterious figure reaches out to Alex, who is finding it increasingly difficult to say no. #McMafia. Tonight, 9pm. @BBCOne. h…",0.048,0.189,0.763,-0.5423
77,@BBC,Sun Jan 07 12:30:05 +0000 2018,"If you have anxiety, you’re not alone. Over 8m people in the UK have an anxiety disorder of some sort. 
Here's some… https://t.co/rg917TPUKP",0.065,0.227,0.708,-0.5204
78,@BBC,Sun Jan 07 11:36:25 +0000 2018,RT @BBCScotland: The abandoned island reclaimed by seabirds ? https://t.co/YRAVnFn8xA,0.0,0.273,0.727,-0.4588
79,@BBC,Sun Jan 07 11:35:58 +0000 2018,RT @bbcthree: Don't be this guy. https://t.co/8T8QJrBOjY,0.0,0.0,1.0,0.0
80,@BBC,Sun Jan 07 11:33:57 +0000 2018,"RT @bbcgetinspired: ? SPLASH!

When you're learning to paddleboard there's only one way it's going to end... ? #GetInspired https://t.co/Zl…",0.0,0.0,1.0,0.0
81,@BBC,Sun Jan 07 11:33:02 +0000 2018,RT @BBCRadio4: 15 podcasts guaranteed to make you smarter. https://t.co/BRm87q7mus,0.25,0.0,0.75,0.4588
82,@BBC,Sun Jan 07 11:29:58 +0000 2018,"RT @BBCiPlayer: ?? ""The complete #HardSun dossier WILL BE RELEASED."" https://t.co/7AEUPT9M0n https://t.co/tl50rimCos",0.0,0.0,1.0,0.0
83,@BBC,Sun Jan 07 11:05:24 +0000 2018,"RT @bbcthree: Here are solid comebacks for when people say ""non-binary people don't exist."" https://t.co/aQuQwutySF",0.103,0.0,0.897,0.1531
84,@BBC,Sun Jan 07 11:01:46 +0000 2018,RT @BBCWorld: Death by selfie https://t.co/nr2lwSnMGr,0.0,0.438,0.562,-0.5994
85,@BBC,Sun Jan 07 11:00:06 +0000 2018,"What's the fattest animal on earth? ???

A whale, bear, supersized walrus or something altogether unexpected?… https://t.co/ETzGPKP3Eh",0.0,0.0,1.0,0.0
86,@BBC,Sun Jan 07 10:53:54 +0000 2018,RT @BBCNews: Royal Wedding: Late pub opening hours for Harry and Meghan https://t.co/7w6kcOjyxl,0.0,0.0,1.0,0.0
87,@BBC,Sun Jan 07 10:49:25 +0000 2018,RT @BBCFood: Going low-cal but having cravings? Enter the easiest ever chicken traybake. ? Full recipe here - https://t.co/KXMxTDDtgx https…,0.179,0.0,0.821,0.5719
88,@BBC,Sun Jan 07 10:49:13 +0000 2018,"RT @BBCNewsround: In for a penny, in for a pound! Check out these new coin designs from the Royal Mint https://t.co/5hfRexBLyU https://t.co…",0.0,0.0,1.0,0.0
89,@BBC,Sun Jan 07 10:00:04 +0000 2018,?? Prepare to be mesmerised by the sounds of Scotland. https://t.co/d32eggwm1U,0.0,0.0,1.0,0.0
90,@BBC,Sun Jan 07 09:32:03 +0000 2018,"Women unhappy with their breast size are less likely to carry out regular self-examinations, study suggests.… https://t.co/41b81fLY8p",0.0,0.149,0.851,-0.4215
91,@BBC,Sun Jan 07 09:00:14 +0000 2018,The people of the whale. ?? https://t.co/TH7SUcw5JJ https://t.co/8ivwbmnhms,0.0,0.0,1.0,0.0
92,@BBC,Sun Jan 07 08:30:05 +0000 2018,'I fought anxiety and started teaching happiness.' https://t.co/K2TXy36b77 https://t.co/M4xJDR4rkd,0.0,0.364,0.636,-0.4588
93,@BBC,Sun Jan 07 08:00:04 +0000 2018,??? When ball boys steal the limelight and hit the big time. https://t.co/Rl0vUHaZZK https://t.co/Uc02sIM0gK,0.0,0.198,0.802,-0.4939
94,@BBC,Sat Jan 06 23:57:10 +0000 2018,"RT @BBCScotland: Let this be a lesson to us all...how NOT to split the bill. 

From @MrQuippy https://t.co/wEGoJQm5Fe",0.0,0.0,1.0,0.0
95,@BBC,Sat Jan 06 23:56:58 +0000 2018,RT @bbcthree: Kids discussing hipsters is as amazing as you'd expect. https://t.co/7ZlwQbc8Bw,0.257,0.0,0.743,0.5859
96,@BBC,Sat Jan 06 23:56:09 +0000 2018,"RT @BBCScotland: Heroin exploded into housing schemes around Scotland in the early 80's changing policing and society forever.

Watch the f…",0.0,0.138,0.862,-0.4939
97,@BBC,Sat Jan 06 23:55:08 +0000 2018,"RT @BBCMOTD: ? Doo doo doo doo doo doo doo doo doo doo doo doo doo doo doo… ?

#FACup third round day always throws up some stories - today…",0.0,0.0,1.0,0.0
98,@BBC,Sat Jan 06 19:33:03 +0000 2018,"DCI Hicks and DI Renko stumble on a lethal secret that will bind them together for life. 

#HardSun | 9.35pm |… https://t.co/Tl7pjslOQZ",0.0,0.0,1.0,0.0
99,@BBC,Sat Jan 06 19:01:04 +0000 2018,??? @reallorraine and @RobBeckettComic present as couples and their families come together for a wedding day like n… https://t.co/acOWVTDVKy,0.128,0.0,0.872,0.3612
100,@CBS,Mon Jan 08 18:07:57 +0000 2018,RT @startrekcbs: #StarTrekDiscovery is back! Episode 10 is now streaming on CBS All Access: https://t.co/xPeb97Rs8J https://t.co/Uvgab7nGgS,0.0,0.0,1.0,0.0
101,@CBS,Mon Jan 08 14:34:48 +0000 2018,"New year, new case. Watch the latest episode of #NCISLA now: https://t.co/1rAsX4EsiB https://t.co/QzRZcORK9r",0.0,0.0,1.0,0.0
102,@CBS,Mon Jan 08 14:29:20 +0000 2018,RT @AmazingRaceCBS: Which teams are zipping through the first leg of the #AmazingRace? https://t.co/8isAwPyrLY,0.0,0.0,1.0,0.0
103,@CBS,Mon Jan 08 00:29:51 +0000 2018,RT @MadamSecretary: Is VP Hurst going to work with or against Elizabeth? Stream a new #MadamSecretary live with CBS All Access: https://t.c…,0.0,0.0,1.0,0.0
104,@CBS,Sat Jan 06 20:05:17 +0000 2018,"RT @debrabirnbaum: .@ShawnRyanTV: To me, being on CBS is the opposite of preaching to the choir. #TCA18",0.0,0.0,1.0,0.0
105,@CBS,Sat Jan 06 19:04:08 +0000 2018,RT @LivinBiblically: “The truth is it somehow gorgeously straddles both sides...I have had friends come from all different walks of life an…,0.314,0.0,0.686,0.8271
106,@CBS,Sat Jan 06 19:03:38 +0000 2018,RT @instinctcbs: “This is a crime show where at the end you’re not reminded of how miserable things are in the world right now…You feel sat…,0.0,0.226,0.774,-0.7717
107,@CBS,Sat Jan 06 00:37:55 +0000 2018,"RT @startrekcbs: Star Trek has touched the lives of generations of fans, including the cast and writers of #StarTrekDiscovery. What's your…",0.0,0.0,1.0,0.0
108,@CBS,Sat Jan 06 00:30:53 +0000 2018,#StrangeAngel has found its leading man! Jack Reynor will star as famed rocket engineer Jack Parsons in the upcomin… https://t.co/sHkSKABGfd,0.0,0.0,1.0,0.0
109,@CBS,Fri Jan 05 18:30:42 +0000 2018,"The streak of new episodes continues! Watch new episodes of #MacGyver, #H50 &amp; #BlueBloods tonight starting at 8/7c.… https://t.co/xs2vbVqBJZ",0.0,0.0,1.0,0.0
110,@CBS,Fri Jan 05 16:05:58 +0000 2018,"RT @CBSTweet: #CBSRatingsNews: CBS Sweeps Fourth Quarter Ratings in Daytime, Primetime and Late Night for the First Time Since 2009 https:/…",0.0,0.0,1.0,0.0
111,@CBS,Thu Jan 04 23:13:02 +0000 2018,"New year, new episodes! Don't miss all-new episodes of @BigBangTheory, @YoungSheldon, @MomCBS, @LifeInPiecesCBS, an… https://t.co/COf6Qg8Mz1",0.11,0.0,0.89,0.1867
112,@CBS,Thu Jan 04 14:43:09 +0000 2018,"Current nominees @LadyGaga, @LittleBigTown, @Pink, Childish Gambino and more will perform live at the #GRAMMYs, Jan… https://t.co/PlLMasNPwD",0.0,0.121,0.879,-0.296
113,@CBS,Wed Jan 03 20:33:09 +0000 2018,"RT @startrekcbs: From Airiam to Zefram Cochrane, #StarTrekDiscovery features fascinating new concepts along with classic references. What's…",0.179,0.0,0.821,0.5423
114,@CBS,Wed Jan 03 19:51:15 +0000 2018,Torres and Bishop went undercover as a criminal couple on the latest episode of #NCIS. Catch up now:… https://t.co/1iTEneHyJS,0.0,0.167,0.833,-0.5267
115,@CBS,Wed Jan 03 15:00:05 +0000 2018,Do you know all the nominees for Artist Of The Year? Get familiar with this year's GRAMMY® Award nominees ahead of… https://t.co/UQa8Mu9PUV,0.143,0.0,0.857,0.5423
116,@CBS,Wed Jan 03 12:00:01 +0000 2018,"The new year of new episodes continues tonight with all-new episodes of #AmazingRace, #SEALTeam and #CriminalMinds… https://t.co/bwhNhQgsFC",0.0,0.0,1.0,0.0
117,@CBS,Wed Jan 03 00:47:26 +0000 2018,"RT @BullCBS: Tonight, can #Bull prove that a teen accused of robbing a jewelry store isn't responsible for the crime? Tune in at 9/8c or st…",0.0,0.267,0.733,-0.7692
118,@CBS,Tue Jan 02 22:41:51 +0000 2018,It's your last chance to choose the pro football player with the best off-the-field talent! Vote now to decide who… https://t.co/6DjwqU0MB9,0.34,0.0,0.66,0.8516
119,@CBS,Tue Jan 02 08:00:03 +0000 2018,"New year, new episodes -- all week long! It kicks off with an all-new #NCIS, #Bull and #NCISNOLA tonight starting a… https://t.co/bcmAaUQJtf",0.0,0.0,1.0,0.0
120,@CBS,Mon Jan 01 01:16:12 +0000 2018,"Due to #NFL football games overrun, revised start times &amp; lineup for Eastern/Central Time Zones Only:
#60Minutes 8:… https://t.co/rqOYbM5j0h",0.0,0.0,1.0,0.0
121,@CBS,Sun Dec 31 14:37:05 +0000 2017,Get ready for football! Stream NFL on CBS today with #CBSAllAccess. Try 1 month FREE with promo code BINGE (not ava… https://t.co/NEntvW7QHd,0.264,0.0,0.736,0.7798
122,@CBS,Sat Dec 30 20:25:20 +0000 2017,"RT @NoActivityCBS: All season nothing's happened. Now prepare for activity. Stream the #NoActivity season finale Sunday, Dec 31 on CBS All…",0.0,0.0,1.0,0.0
123,@CBS,Sat Dec 30 20:24:58 +0000 2017,RT @startrekcbs: Find out what happens when you boldly go too far. #StarTrekDiscovery continues January 7 on CBS All Access: https://t.co/f…,0.116,0.0,0.884,0.3612
124,@CBS,Fri Dec 29 16:06:02 +0000 2017,Stream NC State Wolfpack at Arizona State Sun Devils LIVE today at 3PM ET with a 1-month FREE trial of… https://t.co/8k50thgtip,0.157,0.144,0.699,0.0857
125,@CBS,Thu Dec 28 20:31:01 +0000 2017,"In case you missed this star-studded tribute to Carol Burnett's classic comedy series, catch up now! Watch The Caro… https://t.co/wu7BxM9gtm",0.121,0.096,0.783,0.1511
126,@CBS,Thu Dec 28 19:28:22 +0000 2017,Some of TV's biggest stars saluted @TheNormanLear's impact on television and culture at The 40th Annual Kennedy Cen… https://t.co/E74ChUW1uE,0.0,0.0,1.0,0.0
127,@CBS,Wed Dec 27 22:45:05 +0000 2017,The search is on to find the pro football player with the best off-the-field talent. Vote for your favorite player… https://t.co/R0fb5ngJ16,0.357,0.0,0.643,0.875
128,@CBS,Wed Dec 27 21:04:10 +0000 2017,"Celebrate everyone's favorite classic sitcom with Carol Burnett, Vicki Lawrence, and more stars during The Carol Bu… https://t.co/SaiZ9TzBVO",0.295,0.0,0.705,0.7717
129,@CBS,Wed Dec 27 19:52:02 +0000 2017,Joy to the world of streaming! Try #CBSAllAccess FREE for 1 month – just use code BINGE by 1/2:… https://t.co/9p1ACnslz6,0.337,0.0,0.663,0.8452
130,@CBS,Wed Dec 27 19:40:34 +0000 2017,"Music legend Stevie Wonder salutes @LionelRichie while performing his classic hit, ""Easy"" at The 40th Annual Kenned… https://t.co/7TeDeNyhgo",0.0,0.0,1.0,0.0
131,@CBS,Wed Dec 27 12:00:01 +0000 2017,"As the youngest Kennedy Center Honoree in 40 years, @LLCoolJ talks about what motivates him to chase his dreams. Wa… https://t.co/DFY78y99w3",0.234,0.0,0.766,0.7003
132,@CBS,Wed Dec 27 07:27:33 +0000 2017,Here's to the 2017 Kennedy Center Honorees! Catch up on an evening of stunning performances and inspiring speeches… https://t.co/jGfANpSCul,0.36,0.0,0.64,0.8398
133,@CBS,Wed Dec 27 04:00:52 +0000 2017,This celebration could go all night long! What a great final performance in honor of @LionelRichie. #KCHonors https://t.co/xKLWpKr3v0,0.336,0.0,0.664,0.8221
134,@CBS,Wed Dec 27 03:59:48 +0000 2017,RT @MarkAPrinceJr: A #LionelRichie tribute is not complete without ?All Night Long? ? #KCHonors,0.0,0.0,1.0,0.0
135,@CBS,Wed Dec 27 03:36:01 +0000 2017,Carmen de Lavallade (@CarmenDances) got emotional during those beautiful performances in her honor. Congratulations… https://t.co/gOCAZpZDpt,0.42,0.0,0.58,0.8271
136,@CBS,Wed Dec 27 03:35:29 +0000 2017,RT @Glamourtunist: This tribute to Carmen de Lavallade at the #KCHonors is so beautiful and well deserved. ??,0.315,0.0,0.685,0.8103
137,@CBS,Wed Dec 27 03:03:49 +0000 2017,RT @llcoolj: Attn: #HIPHOP !!!! We made history!! #KCHonors,0.0,0.0,1.0,0.0
138,@CBS,Wed Dec 27 03:03:26 +0000 2017,.@llcoolj is making history! He’s the Kennedy Center’s first hip-hop honoree. #KCHonors https://t.co/kCqkOdUjtu,0.22,0.0,0.78,0.5255
139,@CBS,Wed Dec 27 02:57:56 +0000 2017,RT @ErinAnnCullen: #KCHonors is always a night of inspiration. Thank you to these artists for your impact on our country. ???????,0.247,0.0,0.753,0.7096
140,@CBS,Wed Dec 27 02:48:52 +0000 2017,Give a round of applause to television pioneer and 2017 Honoree @TheNormanLear! #KCHonors https://t.co/20UosF987x,0.36,0.0,0.64,0.7345
141,@CBS,Wed Dec 27 02:45:34 +0000 2017,RT @AliL: This tribute to Norman Lear on #KCHonors is outstanding AND a walk down my childhood TV memory lane. ???,0.174,0.0,0.826,0.6124
142,@CBS,Wed Dec 27 02:28:07 +0000 2017,RT @llcoolj: Moments I’ll never forget!!! #KCHonors,0.298,0.0,0.702,0.3699
143,@CBS,Wed Dec 27 02:26:46 +0000 2017,.@GloriaEstefan approves of those amazing musical performances in her honor! #KCHonors https://t.co/i3EVYEoKRx,0.526,0.0,0.474,0.8748
144,@CBS,Wed Dec 27 02:20:11 +0000 2017,RT @thepickypantry: Beautiful tribute to @GloriaEstefan on the Kennedy Center Honors. Love Mi Tierra! Amazing and inspiring what a fighter…,0.566,0.0,0.434,0.9601
145,@CBS,Wed Dec 27 02:00:29 +0000 2017,Time to celebrate the 2017 honorees at The 40th Annual Kennedy Center Honors! Tune in now on CBS and CBS All Access… https://t.co/1OULMpCfPy,0.346,0.0,0.654,0.8908
146,@CBS,Wed Dec 27 01:08:32 +0000 2017,"Tonight, @LionelRichie, @LLCoolJ, @GloriaEstefan, @TheNormanLear &amp; Carmen de Lavallade will be recognized at The 40… https://t.co/jZJqNo8h3b",0.0,0.0,1.0,0.0
147,@CBS,Tue Dec 26 12:00:01 +0000 2017,"Don't miss the breathtaking performances, standing ovations and moving tributes that will leave you inspired. Here'… https://t.co/imILa52fjz",0.218,0.173,0.61,0.2415
148,@CBS,Mon Dec 25 12:00:05 +0000 2017,"Experience the performances and the memories when 2017 Honorees @LionelRichie, @GloriaEstefan, Carmen de Lavallade,… https://t.co/ygbqASVL7t",0.191,0.0,0.809,0.5106
149,@CBS,Mon Dec 25 00:48:24 +0000 2017,"Due to NFL overrun CBS is delayed 36mins in Charlotte/NC, Cincinnati/OH, Nashville, Atlanta, New Orleans, Baton Rou… https://t.co/20mnbAhpTm",0.0,0.101,0.899,-0.2263
150,@CBS,Sun Dec 24 20:40:42 +0000 2017,"Tonight, get together and enjoy Christmas Eve with a two-hour marathon of your favorite classic sitcoms! Watch The… https://t.co/SCv8TJy9Yp",0.289,0.0,0.711,0.7574
151,@CBS,Sun Dec 24 14:17:43 +0000 2017,Get ready for football! Stream NFL on CBS today with #CBSAllAccess. Try 1 month FREE with promo code BINGE! (Not av… https://t.co/6mR4bRR5Ey,0.273,0.0,0.727,0.7974
152,@CBS,Sun Dec 24 12:30:02 +0000 2017,"All In The Family star @RobReiner gives props to legendary television writer, producer and 2017 Kennedy Center Hono… https://t.co/98jc5i63zE",0.0,0.0,1.0,0.0
153,@CBS,Sat Dec 23 16:21:17 +0000 2017,"Rapper @BustaRhymes pays tribute to @LLCoolJ, performing his hit song ""Mama Said Knock You Out"" at The 40th Annual… https://t.co/CRjQArUqwd",0.0,0.0,1.0,0.0
154,@CBS,Sat Dec 23 15:00:02 +0000 2017,"Oh, what fun it is to stream! Start a 1-month FREE trial of #CBSAllAccess now. Use promo code BINGE by 1/2:… https://t.co/rSAnDJDgbI",0.286,0.0,0.714,0.8236
155,@CBS,Sat Dec 23 12:37:04 +0000 2017,CBS stars are glowing with holiday spirit! See how the stars are getting festive this season:… https://t.co/7qYTHoxFIc,0.355,0.0,0.645,0.7712
156,@CBS,Sat Dec 23 07:24:44 +0000 2017,Spread some holiday cheer and laugh along with Dick Van Dyke and Mary Tyler Moore in two back-to-back episodes of T… https://t.co/N89JoYvXZW,0.311,0.107,0.583,0.743
157,@CBS,Sat Dec 23 06:39:45 +0000 2017,Come home for the holidays with Lucy and Ricky in the I Love Lucy Christmas Special! Stream the full show:… https://t.co/s7f9mjEtER,0.365,0.0,0.635,0.8687
158,@CBS,Sat Dec 23 01:38:37 +0000 2017,"Tonight at 9/8c, gather the family for two hilarious episodes of this classic sitcom in The Dick Van Dyke Show- Now… https://t.co/YcyECVr2NN",0.104,0.127,0.769,-0.1531
159,@CBS,Sat Dec 23 00:39:52 +0000 2017,Get ready to laugh in the holidays tonight with Lucy and the gang in the I Love Lucy Christmas Special at 8/7c! Str… https://t.co/txU2TwXWOg,0.469,0.0,0.531,0.9422
160,@CBS,Fri Dec 22 19:35:35 +0000 2017,"Tonight, ring in the holidays with two back-to-back episodes of a timeless comedy classic, now in color! Watch the… https://t.co/skJsgJdQel",0.241,0.0,0.759,0.6588
161,@CBS,Fri Dec 22 18:03:20 +0000 2017,"Groundbreaking, daring, fearless. This is CBS All Access Originals. 

Sign up now to watch @StarTrekCBS,… https://t.co/kvPsJafYrN",0.278,0.0,0.722,0.6597
162,@CBS,Fri Dec 22 14:04:52 +0000 2017,2017 Honoree @LLCoolJ is the first hip-hop artist recognized at the #KCHonors! Learn more about the @NCISLA star's… https://t.co/eK91KdBNpG,0.159,0.0,0.841,0.5255
163,@CBS,Thu Dec 21 12:04:04 +0000 2017,"She's at it again! Tomorrow, relive Lucy's hilarious antics during the I Love Lucy Christmas Special at 8/7c on CBS… https://t.co/g01UGGLEDk",0.368,0.0,0.632,0.8718
164,@CBS,Thu Dec 21 01:04:27 +0000 2017,"RT @survivorcbs: 6 heroes, 6 healers, 6 hustlers, but only 1 sole #Survivor. Ready to find out who it is? Tune in to the #SurvivorFinale no…",0.213,0.0,0.787,0.6597
165,@CBS,Wed Dec 20 23:00:04 +0000 2017,Watch @kelly_clarkson deliver a moving performance of 'Christmas Eve' during A Home for the Holidays with… https://t.co/TAcstl7VYh,0.157,0.0,0.843,0.3818
166,@CBS,Wed Dec 20 21:08:10 +0000 2017,"In two days, celebrate the holidays with the gang with two back-to-back episodes of the classic sitcom during the I… https://t.co/FRr8jX7MXZ",0.249,0.0,0.751,0.743
167,@CBS,Wed Dec 20 20:10:15 +0000 2017,2017 Honoree @LLCoolJ salutes James Brown for paving the way for artists like himself. Don't miss The 40th Annual K… https://t.co/310Wfk7EoW,0.281,0.0,0.719,0.7222
168,@CBS,Wed Dec 20 19:31:47 +0000 2017,Singer-songwriter @JoshGroban delivers a powerhouse performance while raising awareness of adoption through foster… https://t.co/FiQKJdx7Ty,0.0,0.0,1.0,0.0
169,@CBS,Wed Dec 20 15:30:01 +0000 2017,Do you know all the nominees for Album Of The Year? Get familiar with this year's GRAMMY®  Award nominees ahead of… https://t.co/GYnxLT3n4p,0.143,0.0,0.857,0.5423
170,@CBS,Wed Dec 20 01:01:19 +0000 2017,RT @survivorcbs: This finale is going to be unlike any ending in the history of #Survivor. Don't miss the finale + reunion all starting Wed…,0.059,0.0,0.941,0.1139
171,@CBS,Wed Dec 20 00:14:34 +0000 2017,"This Friday, gather around the tree and celebrate the holidays with Lucille Ball! Watch two colorized back-to-back… https://t.co/4wopbmS4ez",0.292,0.0,0.708,0.7644
172,@CBS,Tue Dec 19 21:12:50 +0000 2017,Kevin and Vanessa took a trip back in time on last night's #KevinCanWait. Watch the latest episode now:… https://t.co/SAqbLOd1Pg,0.0,0.0,1.0,0.0
173,@CBS,Tue Dec 19 21:00:03 +0000 2017,"Find out how to watch A Home for the Holidays with @JoshGroban, featuring performances by @Kelly_Clarkson,… https://t.co/Y6zrR9PigH",0.148,0.0,0.852,0.3818
174,@CBS,Tue Dec 19 15:30:04 +0000 2017,"In one week, celebrate a night of legends when @LionelRichie, @GloriaEstefan, Carmen de Lavallade (@CarmenDances),… https://t.co/u7eXxb521H",0.209,0.0,0.791,0.5719
175,@CBS,Tue Dec 19 14:42:58 +0000 2017,"Kick off The 60th Annual #GRAMMYs with @NancyODell, @KevinFrazier &amp; @KeltieKnight as they go behind the scenes with… https://t.co/J6KDEGV1g1",0.0,0.0,1.0,0.0
176,@CBS,Tue Dec 19 00:39:07 +0000 2017,"Country crooner Luke Bryan (@LukeBryanOnline) honors @LionelRichie with a smooth rendition of his original song, 'P… https://t.co/XIF7ESukR8",0.286,0.0,0.714,0.6808
177,@CBS,Mon Dec 18 22:53:34 +0000 2017,The search is on to find the pro football player with the best off-the-field talent. Vote for your favorite player… https://t.co/7uXC3SEz96,0.357,0.0,0.643,0.875
178,@CBS,Mon Dec 18 21:32:25 +0000 2017,"It's the greatest gift a family can give. Celebrate adoption with superstars @JoshGroban, @Kelly_Clarkson,… https://t.co/1wc6meuGF7",0.495,0.0,0.505,0.8957
179,@CBS,Mon Dec 18 18:40:55 +0000 2017,"Mark your calendars! @NCISLA star @LLCoolJ will host MVP: Most Valuable Performer, a new interactive talent show to… https://t.co/s2LilAv50X",0.288,0.0,0.712,0.7569
180,@CBS,Mon Dec 18 00:42:56 +0000 2017,"Approximate start times for #CBS tonight (East &amp; Midwest):
#60Minutes 7:38p/6:38c
#WisdomoftheCrowd 8:38p/7:38c… https://t.co/tFKrUBcv8B",0.0,0.0,1.0,0.0
181,@CBS,Mon Dec 18 00:00:40 +0000 2017,"RT @kencen: Look back on favorite #KCHonors tributes before the Dec. 26 @CBS broadcast! From 2002: @aliciakeys sings ""Bridge Over Troubled…",0.141,0.0,0.859,0.5093
182,@CBS,Sun Dec 17 17:48:58 +0000 2017,"This Friday, you won't want to miss this priceless treasure when the I Love Lucy Christmas Special airs at 8/7c on… https://t.co/oyC9YDno00",0.38,0.044,0.576,0.8527
183,@CBS,Sun Dec 17 15:39:38 +0000 2017,Get ready for football! Stream NFL on CBS today with #CBSAllAccess. Try 1 week FREE (not available on mobile phones… https://t.co/cNMa11dmza,0.275,0.0,0.725,0.7798
184,@CBS,Sat Dec 16 18:29:05 +0000 2017,RT @HawaiiFive0CBS: Was it all a dream? Catch up on the #H50 Fall Finale: https://t.co/PDeOIaDGqu https://t.co/msEijhSSJH,0.125,0.0,0.875,0.25
185,@CBS,Sat Dec 16 12:00:07 +0000 2017,"In less than a week, Lucy and Ricky will return to your screens... in full color! Don't miss two back-to-back episo… https://t.co/rtmvB5Cj1D",0.08,0.0,0.92,0.1867
186,@CBS,Fri Dec 15 20:23:58 +0000 2017,Do you know all the nominees for Record Of The Year? Get familiar with this year's GRAMMY® Award nominees ahead of… https://t.co/lXDIu1STfq,0.143,0.0,0.857,0.5423
187,@CBS,Fri Dec 15 14:43:08 +0000 2017,'Elton John: I'm Still Standing - A GRAMMY® Salute' will celebrate Elton John's legendary career and timeless hits!… https://t.co/6M38jQQpTA,0.2,0.0,0.8,0.6114
188,@CBS,Thu Dec 14 19:13:25 +0000 2017,"Get to know 2017 Kennedy Center honorees @LLCoolJ, Carmen de Lavallade (@CarmenDances), @GloriaEstefan,… https://t.co/RGe3zqmY08",0.202,0.0,0.798,0.5106
189,@CBS,Wed Dec 13 23:20:01 +0000 2017,"So close, yet so far away. Which #Survivor Castaways Will Earn Their Spot In The Final Five? More:… https://t.co/efeBVa4p26",0.0,0.0,1.0,0.0
190,@CBS,Wed Dec 13 18:56:58 +0000 2017,RT @BandB_CBS: Take a walk down #BoldandBeautiful memory lane! RT your favorite #Steam moment. https://t.co/kxeD2br8Tc,0.202,0.0,0.798,0.5093
191,@CBS,Tue Dec 12 20:34:16 +0000 2017,"RT @thegoodfight: Court is back in session. Season 2 of #TheGoodFight premieres March 4, exclusively on CBS All Access: https://t.co/Niu5a8…",0.0,0.0,1.0,0.0
192,@CBS,Tue Dec 12 19:04:59 +0000 2017,Only two weeks until The 40th Annual Kennedy Center Honors air on December 26! Look back on four decades of inspiri… https://t.co/z4J8sfs55V,0.146,0.0,0.854,0.5562
193,@CBS,Tue Dec 12 17:13:52 +0000 2017,"Mark your calendars! The 53rd Academy Of Country Music Awards will air Sunday, April 15 on CBS!… https://t.co/yYPc5rCiMW",0.174,0.0,0.826,0.555
194,@CBS,Mon Dec 11 21:29:33 +0000 2017,The search is on to find the pro football player with the best off-the-field talent! Vote for your favorite perform… https://t.co/musmVXrRJz,0.364,0.0,0.636,0.8832
195,@CBS,Mon Dec 11 19:05:21 +0000 2017,RT @MadamSecretary: No D.C. holiday party is complete without some political persuasion and a covert sting to bust a corrupt senator. ??? S…,0.211,0.086,0.703,0.4939
196,@CBS,Mon Dec 11 00:26:50 +0000 2017,"Due to NFL overrun, CBS is delayed 8 mins in the following ET &amp; CT markets: Hunstville, AL, Bowling Green, KY, MS,… https://t.co/gbwhgooEQd",0.0,0.083,0.917,-0.2263
197,@CBS,Mon Dec 11 00:25:54 +0000 2017,"Due to NFL overrun CBS is delayed 7 mins in the following ET &amp; CT markets Tampa, Chicago, Maryland, Michigan, Wash… https://t.co/driVgCiX7D",0.0,0.087,0.913,-0.2263
198,@CBS,Sun Dec 10 22:49:02 +0000 2017,"RT @NoActivityCBS: If you want the intel, you get the tickles. ? Stream the first 5 episodes of #NoActivity now: https://t.co/Wzq9bVOhGN ht…",0.064,0.0,0.936,0.0772
199,@CBS,Sun Dec 10 22:48:46 +0000 2017,RT @startrekcbs: .@albinokid and @wcruz73 are breaking new ground in #StarTrekDiscovery. ???? Stream chapter 1 on CBS All Access: https://t…,0.0,0.0,1.0,0.0
200,@CNN,Mon Jan 08 22:47:11 +0000 2018,An Oprah campaign might (literally) look like this | Analysis by CNN's Brenna Williams https://t.co/Ke1NPDqEJJ https://t.co/2lundLwzLH,0.152,0.0,0.848,0.3612
201,@CNN,Mon Jan 08 22:40:25 +0000 2018,American voters are big fans of Oprah Winfrey -- but a poll last March found that most didn't want her to run for P… https://t.co/YZlDkM79eM,0.0,0.071,0.929,-0.1902
202,@CNN,Mon Jan 08 22:32:26 +0000 2018,"""'If you make me happy, I don't care who else you make unhappy' is essentially the US foreign policy now."" - Michae… https://t.co/MTxRWCgA7s",0.136,0.2,0.664,-0.1847
203,@CNN,Mon Jan 08 22:30:46 +0000 2018,It's a complicated political question: How can the GOP give President Trump a win on the wall without alienating De… https://t.co/l517xeC4bQ,0.174,0.0,0.826,0.5859
204,@CNN,Mon Jan 08 22:21:52 +0000 2018,Oprah Winfrey's Golden Globes speech sends Weight Watchers stock soaring https://t.co/jxKSbqlIeM https://t.co/8uTgJhWU7L,0.0,0.0,1.0,0.0
205,@CNN,Mon Jan 08 22:20:38 +0000 2018,"The Trump administration's decision to end a program that allowed about 250,000 Salvadorans to stay in the US could… https://t.co/V7K7ol43sK",0.0,0.0,1.0,0.0
206,@CNN,Mon Jan 08 22:16:20 +0000 2018,"The United States has the worst overall child mortality rate compared with those of 19 other wealthy nations, accor… https://t.co/CqdrL3NDSQ",0.201,0.155,0.644,0.0516
207,@CNN,Mon Jan 08 22:15:10 +0000 2018,"Meet Kathryn Smith, the first woman to become a full-time coach in the NFL.

#BossFiles with @PoppyHarlowCNN: 

Lis… https://t.co/DeAwBuIWZX",0.0,0.0,1.0,0.0
208,@CNN,Mon Jan 08 22:03:32 +0000 2018,"""Fire and Fury"" author Michael Wolff says 100 percent of the people around the President believe he's incapable of… https://t.co/3hlV1S4Fl4",0.0,0.339,0.661,-0.8271
209,@CNN,Mon Jan 08 22:00:52 +0000 2018,"The Trump administration will end protections for more than 200,000 Salvadorans, granted by the Bush administration… https://t.co/1VK579Z9YB",0.111,0.0,0.889,0.25
210,@CNN,Mon Jan 08 21:50:49 +0000 2018,"No, this is not a painting. It’s a NASA image of Jupiter’s swirling cloud systems, enhanced by two citizen scientis… https://t.co/noHxYkVubP",0.0,0.109,0.891,-0.296
211,@CNN,Mon Jan 08 21:48:30 +0000 2018,RT @CNNPolitics: An Oprah campaign might (literally) look like this | GIF analysis by CNN's Brenna Williams https://t.co/lgzE55uWJM https:/…,0.128,0.0,0.872,0.3612
212,@CNN,Mon Jan 08 21:34:04 +0000 2018,"Ibuprofen taken in doses commonly used by athletes may be linked to male infertility, a new study finds… https://t.co/btQxlo1oMG",0.0,0.0,1.0,0.0
213,@CNN,Mon Jan 08 21:33:06 +0000 2018,"RT @TheLeadCNN: .@jaketapper: It is difficult to ascertain just what the truth is behind the “Fire and Fury” book since frankly, we have tw…",0.086,0.093,0.821,-0.0516
214,@CNN,Mon Jan 08 21:32:39 +0000 2018,"""Every time the President tweets, the White House goes into a spasm."" Michael Wolff, the author of a bombshell book… https://t.co/mym8M9TXNM",0.0,0.0,1.0,0.0
215,@CNN,Mon Jan 08 21:27:49 +0000 2018,Lawyers for President Trump are anticipating a request for him to talk to special counsel Robert Mueller and are di… https://t.co/H0GtSPBa4v,0.124,0.0,0.876,0.4019
216,@CNN,Mon Jan 08 21:21:23 +0000 2018,Lawyers for President Trump are anticipating a request for him to talk to special counsel Robert Mueller and are di… https://t.co/31FUpEnFg5,0.124,0.0,0.876,0.4019
217,@CNN,Mon Jan 08 21:20:12 +0000 2018,"Facebook is shutting down M, an automated personal assistant once thought to be a text-based answer to services lik… https://t.co/IKo3o3oWpz",0.0,0.0,1.0,0.0
218,@CNN,Mon Jan 08 21:08:39 +0000 2018,"Apple has released new security updates for iPhones, iPads, and Macs to protect users from the Spectre flaw… https://t.co/4FBhnud18f",0.227,0.0,0.773,0.6124
219,@CNN,Mon Jan 08 21:06:13 +0000 2018,"Oprah would make an exceptional president, writes @sallykohn for @CNNOpinion https://t.co/Jr0RXSTf7a https://t.co/VHguceyOcp",0.0,0.0,1.0,0.0
220,@CNN,Mon Jan 08 21:02:05 +0000 2018,"Michael Wolff, the author of a book that has driven a wedge between President Trump and Steve Bannon, defends ""Fire… https://t.co/8uzIV8GWXg",0.0,0.0,1.0,0.0
221,@CNN,Mon Jan 08 20:53:11 +0000 2018,Visa and Aflac are boosting their 401(k) match in the wake of the GOP tax overhaul https://t.co/IYfE1SdJuA https://t.co/EF4avE0WbX,0.124,0.0,0.876,0.34
222,@CNN,Mon Jan 08 20:46:11 +0000 2018,Pizza Hut is working on self-driving delivery trucks https://t.co/mtI2ynCP2I https://t.co/sZegOnd6Xq,0.0,0.0,1.0,0.0
223,@CNN,Mon Jan 08 20:32:04 +0000 2018,"Rancher Cliven Bundy was released from custody Monday, according to his attorney https://t.co/7UQuRecyt1 https://t.co/H97rUymsVk",0.0,0.0,1.0,0.0
224,@CNN,Mon Jan 08 20:27:08 +0000 2018,Pope Francis once again tells breastfeeding moms it's fine to feed hungry babies in church https://t.co/tFIN9QfeKR https://t.co/9or9PSCDBe,0.101,0.0,0.899,0.2023
225,@CNN,Mon Jan 08 20:24:20 +0000 2018,"Michael Wolff: Steve Bannon's recent statement backing away from his criticism of Donald Trump Jr. is ""not true""… https://t.co/00QCBKJyx8",0.052,0.138,0.81,-0.4215
226,@CNN,Mon Jan 08 20:20:18 +0000 2018,A record-breaking 22 women are now serving in the US Senate https://t.co/rk4tZEaqDm https://t.co/kIjVa9H0PJ,0.0,0.0,1.0,0.0
227,@CNN,Mon Jan 08 20:10:03 +0000 2018,Here's what Oprah Winfrey said at the Golden Globes last night https://t.co/oJ7E60GG4j https://t.co/uLfVv6EqVR,0.0,0.0,1.0,0.0
228,@CNN,Mon Jan 08 20:03:22 +0000 2018,A conservative watchdog group led by Steve Bannon tried to discredit Donald Trump in the early stages of the 2016 G… https://t.co/ogV8AHK2fV,0.0,0.0,1.0,0.0
229,@CNN,Mon Jan 08 20:00:20 +0000 2018,"H&amp;M apologizes for using a black child to model a sweatshirt with a ""coolest monkey in the jungle"" slogan… https://t.co/3LncKlJR4M",0.135,0.0,0.865,0.3612
230,@CNN,Mon Jan 08 20:00:06 +0000 2018,"With the press of a button, LG Display's 65-inch screen rolls up like a yoga mat https://t.co/8iKXUOG0G0 https://t.co/YUPG0FinkM",0.143,0.0,0.857,0.3612
231,@CNN,Mon Jan 08 19:50:11 +0000 2018,"Just in: Mitt Romney was treated for prostate cancer over the summer. Source says his prognosis is ""good""… https://t.co/rQjpinr0Jj",0.0,0.196,0.804,-0.6597
232,@CNN,Mon Jan 08 19:40:06 +0000 2018,The world's most punctual airports and airlines in 2018 revealed https://t.co/8BdoyelPs8 https://t.co/7KBcoYu2kb,0.0,0.0,1.0,0.0
233,@CNN,Mon Jan 08 19:30:07 +0000 2018,"Vice President Mike Pence will leave late next week for a Middle East trip that will take him to Egypt, Jordan and… https://t.co/B01uWHpDcy",0.0,0.054,0.946,-0.0516
234,@CNN,Mon Jan 08 19:20:09 +0000 2018,"This is where the jobs are, and where they're not https://t.co/6qcbwqeiS6 https://t.co/fxOf8dOwGF",0.0,0.0,1.0,0.0
235,@CNN,Mon Jan 08 19:10:06 +0000 2018,“I wasn't about the naysayers. I wanted to work extra hard”: How Kathryn Smith defied the odds and became the first… https://t.co/hpFdpgUDvW,0.0,0.0,1.0,0.0
236,@CNN,Mon Jan 08 19:00:10 +0000 2018,64 migrants believed dead after boat sinks in Mediterranean https://t.co/r0MpOLqXq6 https://t.co/zVdhV20jPY,0.0,0.301,0.699,-0.6486
237,@CNN,Mon Jan 08 18:50:11 +0000 2018,6 times Oprah stoked or shot down 2020 speculation https://t.co/A0QTKeWeFZ https://t.co/ylR5k2sYrx,0.0,0.0,1.0,0.0
238,@CNN,Mon Jan 08 18:40:11 +0000 2018,"If Mitt Romney wants to become Utah's next senator, there's virtually nothing standing in the 2012 Republican presi… https://t.co/8reKntl31h",0.0,0.0,1.0,0.0
239,@CNN,Mon Jan 08 18:30:56 +0000 2018,"In a 1999 interview with Larry King, Donald Trump said that his first choice for a running mate would be Oprah Winf… https://t.co/l5XPljN5VS",0.0,0.0,1.0,0.0
240,@CNN,Mon Jan 08 18:20:07 +0000 2018,Removing a President using the 25th amendment would require a political apocalypse | Analysis by @zbyronwolf … https://t.co/l9XrU8kDSX,0.0,0.0,1.0,0.0
241,@CNN,Mon Jan 08 18:10:16 +0000 2018,"""She knows how to win""

""I adore Oprah""

Here's what Trump tweeted about Oprah in 2012: https://t.co/UNHSF2P0ZI https://t.co/G5eun8bAkk",0.316,0.0,0.684,0.8126
242,@CNN,Mon Jan 08 18:00:16 +0000 2018,Steve Bannon knows the secret to getting back in Trump's good graces | Analysis by @CillizzaCNN… https://t.co/AdMp3q4TYL,0.282,0.0,0.718,0.6705
243,@CNN,Mon Jan 08 17:52:25 +0000 2018,"Former independent counsel Ken Starr said Monday it's ""probable"" that President Trump will be interviewed face-to-f… https://t.co/Uwg3O0rWHT",0.0,0.0,1.0,0.0
244,@CNN,Mon Jan 08 17:41:55 +0000 2018,"First, a “bomb cyclone” stranded some travelers at JFK Airport for days. Then a water main broke and flooded a bagg… https://t.co/15sydHfrJ8",0.0,0.135,0.865,-0.4215
245,@CNN,Mon Jan 08 17:30:04 +0000 2018,"Oprah Winfrey is actively thinking about running for president in 2020, two of her close friends tell CNN… https://t.co/BpVatGk2IA",0.241,0.0,0.759,0.6597
246,@CNN,Mon Jan 08 17:20:04 +0000 2018,"H&amp;M apologizes for using a black child to model a sweatshirt with a ""coolest monkey in the jungle"" slogan… https://t.co/0YKh8QiuiU",0.135,0.0,0.865,0.3612
247,@CNN,Mon Jan 08 17:10:11 +0000 2018,Billionaire Democratic megadonor Tom Steyer says he is not running for office in 2018 but will spend $30 million on… https://t.co/v5xdC74n9M,0.0,0.0,1.0,0.0
248,@CNN,Mon Jan 08 17:00:04 +0000 2018,Everything you need to know about tonight's College Football Playoff National Championship https://t.co/FhsvOJP9xX https://t.co/bDG4Tvjg7f,0.182,0.0,0.818,0.4404
249,@CNN,Mon Jan 08 16:51:02 +0000 2018,"Sen. Bob Corker, who is traveling today on Air Force One with President Trump, has repaired his relationship with t… https://t.co/08W6Rf7UjF",0.0,0.0,1.0,0.0
250,@CNN,Mon Jan 08 16:40:12 +0000 2018,Samantha Barry named Glamour editor-in-chief https://t.co/51ofIh4CKF https://t.co/lQlXBv0giz,0.362,0.0,0.638,0.5267
251,@CNN,Mon Jan 08 16:40:12 +0000 2018,Oprah knew exactly what she was doing on Sunday night | Analysis by @CillizzaCNN https://t.co/xjKabk5X6i https://t.co/cHR4UJaghV,0.0,0.0,1.0,0.0
252,@CNN,Mon Jan 08 16:30:16 +0000 2018,"Britain's Princess Charlotte, youngest child of the Duke and Duchess of Cambridge, started nursery school on Monday… https://t.co/XQNcXjP0ql",0.0,0.0,1.0,0.0
253,@CNN,Mon Jan 08 16:20:10 +0000 2018,"In a 1999 interview with Larry King, Donald Trump said that his first choice for a running mate would be Oprah Winf… https://t.co/0MpszMASLR",0.0,0.0,1.0,0.0
254,@CNN,Mon Jan 08 16:12:47 +0000 2018,"Two people injured after a fire broke out on the roof of Trump Tower in New York City, authorities say… https://t.co/ljIDJEyPtm",0.0,0.317,0.683,-0.7845
255,@CNN,Mon Jan 08 16:00:49 +0000 2018,"""She knows how to win""

""I adore Oprah""

Here's what Trump tweeted about Oprah in 2012: https://t.co/5tipFwFnKt https://t.co/FvVhtJwdGI",0.316,0.0,0.684,0.8126
256,@CNN,Mon Jan 08 15:47:11 +0000 2018,"The Trump administration will end protections for certain nationals of El Salvador, a source familiar with the deci… https://t.co/80O0ZX0BaD",0.11,0.0,0.89,0.2732
257,@CNN,Mon Jan 08 15:37:42 +0000 2018,"NOAA announces 2017 was the most expensive year on record for US weather disasters, costing $306 billion… https://t.co/hSUu12Ih9l",0.0,0.175,0.825,-0.5574
258,@CNN,Mon Jan 08 15:26:10 +0000 2018,Here's what Oprah Winfrey said at the Golden Globes last night https://t.co/5OhZO0Lf7s https://t.co/92Jg52kiI2,0.0,0.0,1.0,0.0
259,@CNN,Mon Jan 08 15:13:17 +0000 2018,"JUST IN: Oprah Winfrey is actively thinking about running for President in 2020, two of her close friends tell CNN… https://t.co/MTOfbFs1hj",0.221,0.0,0.779,0.6597
260,@CNN,Mon Jan 08 14:50:34 +0000 2018,"In the US, the rate of children injuring their eyes with air guns skyrocketed between 1990 and 2012… https://t.co/caDglLpVeh",0.0,0.0,1.0,0.0
261,@CNN,Mon Jan 08 14:36:15 +0000 2018,Stars transformed the red carpet. Shows featuring women won awards. Then Oprah stole the show.… https://t.co/UrXYCKACnO,0.324,0.0,0.676,0.7717
262,@CNN,Mon Jan 08 14:20:45 +0000 2018,"Former independent counsel Ken Starr said Monday it's ""probable"" that President Trump will be interviewed face-to-f… https://t.co/ZlUzOPOXsL",0.0,0.0,1.0,0.0
263,@CNN,Mon Jan 08 14:05:03 +0000 2018,Oprah's Golden Globes speech sounds like the start of a presidential campaign | via @BrianStelter… https://t.co/MijS85yfB2,0.161,0.0,0.839,0.3612
264,@CNN,Mon Jan 08 13:54:42 +0000 2018,"Meet Kathryn Smith, the first woman to become a full-time coach in the NFL.

#BossFiles with @PoppyHarlowCNN: 

Lis… https://t.co/W2dXx3adXG",0.0,0.0,1.0,0.0
265,@CNN,Mon Jan 08 13:39:36 +0000 2018,"H&amp;M apologizes for using a black child to model a sweatshirt with a ""coolest monkey in the jungle"" slogan… https://t.co/y7EbbZfcj5",0.135,0.0,0.865,0.3612
266,@CNN,Mon Jan 08 13:25:15 +0000 2018,A former adviser to President Trump's presidential campaign says giving author Michael Wolff access at the White Ho… https://t.co/EKCQUEC7w5,0.124,0.0,0.876,0.34
267,@CNN,Mon Jan 08 13:10:04 +0000 2018,"""I want all the girls watching here, now, to know that a new day is on the horizon!"": Read Oprah Winfrey's rousing… https://t.co/5MAXNKZR8L",0.07,0.0,0.93,0.1511
268,@CNN,Mon Jan 08 13:01:35 +0000 2018,"Stars transformed the red carpet. Shows featuring women won awards. Then Oprah stole the show. 

The #GoldenGlobes… https://t.co/3MMTFJdLmj",0.295,0.0,0.705,0.7717
269,@CNN,Mon Jan 08 12:50:13 +0000 2018,"RT @NewDay: Will President Trump meet with Robert Mueller in the Russia probe?

Sen. Richard Blumenthal says, ""Unquestionably, there has to…",0.0,0.0,1.0,0.0
270,@CNN,Mon Jan 08 12:50:02 +0000 2018,"5 things for Monday:

- #GoldenGlobes
- Politics
- North and South Korea
- Las Vegas shooting
- Weather… https://t.co/YkRfGEq2zD",0.0,0.0,1.0,0.0
271,@CNN,Mon Jan 08 12:40:06 +0000 2018,"President Trump's physical is scheduled for Friday, but it's unlikely to shed light on the President's mental fitne… https://t.co/vc7h9eoFde",0.0,0.0,1.0,0.0
272,@CNN,Mon Jan 08 12:30:03 +0000 2018,Here's the full list of #GoldenGlobes winners https://t.co/lLZBW8GaHU https://t.co/2TXnmjW2KQ,0.279,0.0,0.721,0.4767
273,@CNN,Mon Jan 08 12:20:07 +0000 2018,Congress returns this week with just eight legislative days before a possible government shutdown… https://t.co/ELaaV9I8FV,0.0,0.0,1.0,0.0
274,@CNN,Mon Jan 08 12:10:06 +0000 2018,"President Trump has deleted a tweet citing his ""consensual presidency"" https://t.co/9fvAoY07S3 https://t.co/MK7YIGsrtq",0.0,0.0,1.0,0.0
275,@CNN,Mon Jan 08 12:00:17 +0000 2018,"""We went to church"": Reactions to Oprah's speech https://t.co/YHsJcNPZaB https://t.co/BJBQk0pjen",0.0,0.0,1.0,0.0
276,@CNN,Mon Jan 08 11:53:05 +0000 2018,"If Mitt Romney wants to become Utah's next senator, there's virtually nothing standing in the 2012 Republican presi… https://t.co/mCjMeA9Mf0",0.0,0.0,1.0,0.0
277,@CNN,Mon Jan 08 11:52:33 +0000 2018,"RT @NewDay: Fmr. Trump campaign adviser Michael Caputo on Michael Wolf's 'Fire &amp; Fury': ""This book is trash.""

CNN's @ChrisCuomo: ""You guys…",0.0,0.103,0.897,-0.34
278,@CNN,Mon Jan 08 11:43:05 +0000 2018,A record-breaking 22 women are now serving in the US Senate https://t.co/0HeTO3AfVb https://t.co/qx8e0zMFuC,0.0,0.0,1.0,0.0
279,@CNN,Mon Jan 08 11:34:12 +0000 2018,Stars transformed the red carpet. Shows featuring women won awards. Then Oprah stole the show.… https://t.co/CfQfzkm3GA,0.324,0.0,0.676,0.7717
280,@CNN,Mon Jan 08 11:14:02 +0000 2018,"US President Donald Trump has deleted a Tweet citing his ""consensual presidency"" (when the actual quote called it '… https://t.co/Gp7Y9eMPr6",0.0,0.0,1.0,0.0
281,@CNN,Mon Jan 08 11:06:07 +0000 2018,The Golden Globes delivered powerful messages about and from women - but also highlighted the awkward challenge of… https://t.co/7IwhWkaPZT,0.165,0.094,0.741,0.1154
282,@CNN,Mon Jan 08 11:03:44 +0000 2018,"""There's only one viewer you care about,"" CNN's Jake Tapper tells Trump aide Stephen Miller during fiery interview… https://t.co/THQFfgsMe3",0.142,0.106,0.752,0.2023
283,@CNN,Mon Jan 08 10:58:09 +0000 2018,The complete list of all the #GoldenGlobes winners. https://t.co/ZVfjdbJBTo https://t.co/8A9qztfy9D,0.256,0.0,0.744,0.4767
284,@CNN,Mon Jan 08 10:48:07 +0000 2018,"In the US, the rate of children injuring their eyes with air guns skyrocketed between 1990 and 2012 https://t.co/1ijOeZm2Bi",0.0,0.0,1.0,0.0
285,@CNN,Mon Jan 08 10:45:11 +0000 2018,Barack Obama will be the first guest on David Letterman's new Netflix show https://t.co/tmVXl0b7jx https://t.co/0DlWyJDcNo,0.0,0.0,1.0,0.0
286,@CNN,Mon Jan 08 10:39:59 +0000 2018,"After a brutally cold weekend in the US, nearly 83 million people across the Midwest and parts of the South East ar… https://t.co/l6VPM2ltN7",0.0,0.16,0.84,-0.6124
287,@CNN,Mon Jan 08 10:30:25 +0000 2018,Comedian Stephen Colbert extends Trump satire into animated realm https://t.co/dd3dxw1aur https://t.co/KWNG1QEaF9,0.313,0.0,0.687,0.4767
288,@CNN,Mon Jan 08 10:15:19 +0000 2018,Trump's first-year jobs record was strong. Just not as strong as Obama's last year. https://t.co/PMIC4s7ogh https://t.co/sC4Pzjtj5p,0.32,0.0,0.68,0.765
289,@CNN,Mon Jan 08 10:00:29 +0000 2018,"""Fire and Fury"" publisher is rushing to print more books https://t.co/VKbsvezp4a https://t.co/dlXpWi0e0s",0.0,0.379,0.621,-0.7269
290,@CNN,Mon Jan 08 09:45:11 +0000 2018,Trump's first-year jobs record was strong. Just not as strong as Obama's last year. https://t.co/HJ8oR1HlJK https://t.co/51otZhadXq,0.32,0.0,0.68,0.765
291,@CNN,Mon Jan 08 09:32:13 +0000 2018,"During a fiery interview with CNN's Jake Tapper?, White House senior policy adviser Stephen Miller called former Wh… https://t.co/8cNTGw132x",0.0,0.124,0.876,-0.34
292,@CNN,Mon Jan 08 09:15:04 +0000 2018,"JetBlue says it's handing out $21 million worth of bonuses to employees because of the corporate tax cut. All 21,00… https://t.co/EcCuR8Civc",0.215,0.082,0.703,0.5267
293,@CNN,Mon Jan 08 09:00:29 +0000 2018,"JetBlue says it's handing out $21 million worth of bonuses to employees because of the corporate tax cut. All 21,00… https://t.co/08kOQ5d9JE",0.215,0.082,0.703,0.5267
294,@CNN,Mon Jan 08 08:57:05 +0000 2018,"SpaceX kicked off the new year with a mystery-shrouded mission to deliver a government spacecraft, called Zuma, int… https://t.co/uPuTSC0B7J",0.0,0.0,1.0,0.0
295,@CNN,Mon Jan 08 08:51:11 +0000 2018,An oil tanker that collided with a freight ship off the east coast of China was still on fire Monday and at risk of… https://t.co/zjYXaLKwXk,0.0,0.17,0.83,-0.5423
296,@CNN,Mon Jan 08 08:50:04 +0000 2018,The complete list of all the #GoldenGlobes winners. https://t.co/uPt6yIXgr6 https://t.co/XP1BzLqklI,0.256,0.0,0.744,0.4767
297,@CNN,Mon Jan 08 08:45:04 +0000 2018,"Federal authorities are actively investigating allegations of corruption related to the Clinton Foundation, accordi… https://t.co/Dl7YAX9yjb",0.141,0.0,0.859,0.3182
298,@CNN,Mon Jan 08 08:30:11 +0000 2018,A record-breaking 22 women are now serving in the US Senate https://t.co/3jsA1G2OG9 https://t.co/owxU1244nf,0.0,0.0,1.0,0.0
299,@CNN,Mon Jan 08 08:30:03 +0000 2018,Women take center stage at powerful #GoldenGlobes ceremony https://t.co/TN9fucV2Ye https://t.co/jXYWI8JeR1,0.237,0.0,0.763,0.4215
300,@FoxNews,Mon Jan 08 22:51:00 +0000 2018,.@POTUS tells farming convention the ‘American dream is roaring back to life’ https://t.co/zp55oFgeRa,0.143,0.0,0.857,0.25
301,@FoxNews,Mon Jan 08 22:43:38 +0000 2018,".@JesseBWatters on Michael Wolff's @WhiteHouse book 'Fire and Fury': ""The main point of the book was that @POTUS di… https://t.co/0mGfkKgAQv",0.0,0.112,0.888,-0.34
302,@FoxNews,Mon Jan 08 22:30:40 +0000 2018,".@kimguilfoyle on attacks on @POTUS' 'mental fitness': ""So, how did he get into the @WhiteHouse?...He did all the d… https://t.co/jmCzJc0iQg",0.0,0.132,0.868,-0.4404
303,@FoxNews,Mon Jan 08 22:23:03 +0000 2018,.@NAACP calls for 'snowflake' protest against #Trump at College Football Championship https://t.co/YWhjZSbCYI,0.195,0.134,0.671,0.2263
304,@FoxNews,Mon Jan 08 22:15:05 +0000 2018,"TONIGHT: @WhiteHouse Policy Advisor Stephen Miller speaks to @TuckerCarlson at 8p ET on ""Tucker Carlson Tonight.""… https://t.co/DP4EMb8bR1",0.0,0.0,1.0,0.0
305,@FoxNews,Mon Jan 08 22:14:02 +0000 2018,"During remarks at the American Farm Bureau Federation Convention in Nashville, TN, @POTUS had this to say about the… https://t.co/jRlotgffoa",0.0,0.0,1.0,0.0
306,@FoxNews,Mon Jan 08 22:08:53 +0000 2018,".@POTUS: ""We are witnessing a new era of patriotism, prosperity, and pride, and at the forefront of this exciting n… https://t.co/xDfBlAxOH0",0.255,0.0,0.745,0.7311
307,@FoxNews,Mon Jan 08 22:08:12 +0000 2018,.@TheJusticeDept official who concealed meetings with #Trump dossier figures loses another job title https://t.co/vTkII3kbDG,0.0,0.15,0.85,-0.3182
308,@FoxNews,Mon Jan 08 22:04:42 +0000 2018,".@POTUS: ""Our task is to preserve the freedom that American soldiers have fought for and died for in every generati… https://t.co/XtYNE2OdmV",0.149,0.21,0.641,-0.1779
309,@FoxNews,Mon Jan 08 22:00:11 +0000 2018,".@POTUS: ""Every American child deserves to grow up in a safe community and to live a life full of dignity, purpose… https://t.co/FYUnr314Bu",0.237,0.0,0.763,0.6808
310,@FoxNews,Mon Jan 08 21:55:42 +0000 2018,".@POTUS: ""We are going to end chain migration. We are going to end the lottery system, and we are going to build th… https://t.co/8mtpWySRxn",0.0,0.0,1.0,0.0
311,@FoxNews,Mon Jan 08 21:54:14 +0000 2018,"""We're also moving swiftly to bring hope and prosperity to struggling rural communities."" - @POTUS signs two execut… https://t.co/xc836etyby",0.223,0.122,0.655,0.3182
312,@FoxNews,Mon Jan 08 21:49:57 +0000 2018,".@POTUS: ""We want to see even more victories for the American farmer and the American rancher."" https://t.co/WVMHftBr3q",0.075,0.0,0.925,0.0772
313,@FoxNews,Mon Jan 08 21:48:19 +0000 2018,JUST IN: President #Trump signs two executive orders to expand broadband access in rural areas https://t.co/CdtfA6tAtZ,0.133,0.0,0.867,0.3182
314,@FoxNews,Mon Jan 08 21:47:30 +0000 2018,".@POTUS: ""There's plenty of space for people to express their views, and to protest. But we love our flag, we love… https://t.co/RMkA65HhGO",0.16,0.076,0.763,0.4939
315,@FoxNews,Mon Jan 08 21:42:51 +0000 2018,".@POTUS: ""We're fighting for our farmers...and we're fighting for our country, and for our great American flag."" https://t.co/MT57vbDEJy",0.17,0.207,0.622,0.0258
316,@FoxNews,Mon Jan 08 21:39:40 +0000 2018,".@POTUS speaking to the American Farm Bureau Federation: ""You are forgotten no more."" https://t.co/IXGscbC3lB",0.0,0.255,0.745,-0.4767
317,@FoxNews,Mon Jan 08 21:35:21 +0000 2018,".@POTUS: ""You're going to be spared...of the deeply unfair estate tax, known as the 'death tax.' So, you can keep y… https://t.co/BvZCJ0D3wa",0.0,0.267,0.733,-0.807
318,@FoxNews,Mon Jan 08 21:32:50 +0000 2018,".@POTUS: ""Under this new law, the typical family of four earning $75,000 will see an income tax cut of more than $2… https://t.co/kWJ9KtRyrL",0.0,0.087,0.913,-0.2732
319,@FoxNews,Mon Jan 08 21:28:44 +0000 2018,".@POTUS: ""Republicans came together and delivered historic relief for our farmers and our middle class."" https://t.co/CLkunkhWws",0.171,0.0,0.829,0.4767
320,@FoxNews,Mon Jan 08 21:27:30 +0000 2018,".@POTUS: ""We know that our nation was founded by farmers. Our independence was won by farmers."" https://t.co/0TyUtPwyxt",0.188,0.0,0.812,0.5719
321,@FoxNews,Mon Jan 08 21:23:31 +0000 2018,".@POTUS: ""Farmers have always, always, always led the way."" https://t.co/IhdUBGP5ts",0.0,0.0,1.0,0.0
322,@FoxNews,Mon Jan 08 21:20:42 +0000 2018,".@POTUS: ""We have been working every day to deliver for America's farmers, just as they work every single day to de… https://t.co/7dgeQgrloK",0.0,0.0,1.0,0.0
323,@FoxNews,Mon Jan 08 21:18:23 +0000 2018,".@POTUS: ""Here as the state slogan goes: 'We see America at its absolute best,' and you're doing well."" https://t.co/ZXHxuOQtfd",0.0,0.0,1.0,0.0
324,@FoxNews,Mon Jan 08 21:12:37 +0000 2018,.@POTUS is expected to discuss trade and economic issues in Nashville speech https://t.co/GgIRJCYmPM,0.0,0.0,1.0,0.0
325,@FoxNews,Mon Jan 08 21:09:26 +0000 2018,"""[@realDonaldTrump] is like every politician; he wants to be loved a little bit."" Former Reagan Campaign Manager… https://t.co/7MH993MWk2",0.299,0.0,0.701,0.7506
326,@FoxNews,Mon Jan 08 21:04:35 +0000 2018,"TUNE IN: @POTUS to deliver remarks to the American Farm Bureau Federation in Nashville, Tennessee. https://t.co/xCLL1a8GhF",0.0,0.0,1.0,0.0
327,@FoxNews,Mon Jan 08 20:58:29 +0000 2018,"Washington state deputy killed, prompting massive manhunt https://t.co/pie42JhUZX",0.0,0.391,0.609,-0.6705
328,@FoxNews,Mon Jan 08 20:56:58 +0000 2018,Ex-wife of slain NBA player agrees to face Tennessee charges https://t.co/PfuFIwazCG,0.14,0.163,0.698,-0.0772
329,@FoxNews,Mon Jan 08 20:52:10 +0000 2018,OPINION: Why 2018 could truly be historic for small business (and it's about time!) (via @FoxNewsOpinion) https://t.co/FBYaSIMrSF,0.166,0.0,0.834,0.4926
330,@FoxNews,Mon Jan 08 20:31:04 +0000 2018,".@bykowicz on Michael Wolff's book: ""I feel like this is a story that isn't going away anytime soon.""… https://t.co/bheE3VUuyL",0.128,0.0,0.872,0.3612
331,@FoxNews,Mon Jan 08 20:27:54 +0000 2018,Former #Trump administration officials: Where are they now? https://t.co/DjEVSzXxUH,0.0,0.0,1.0,0.0
332,@FoxNews,Mon Jan 08 20:26:04 +0000 2018,Trump org attorneys slam ultra-luxe NYC condo building for trying to drop #Trump name from doorway https://t.co/XLmX7yx19q,0.0,0.239,0.761,-0.5719
333,@FoxNews,Mon Jan 08 20:23:54 +0000 2018,"Texas A&amp;M football reporter Courtney Roland found unharmed, police say https://t.co/MfMns0ftXX",0.0,0.0,1.0,0.0
334,@FoxNews,Mon Jan 08 20:22:37 +0000 2018,'Fixer Upper' star @joannagaines demands $150K to take part in lawsuit deposition https://t.co/P4ssEry5Dp,0.0,0.137,0.863,-0.2263
335,@FoxNews,Mon Jan 08 20:16:05 +0000 2018,OPINION: Earmarks - those special taxpayer-funded 'favors' for members of Congress - may be back (via… https://t.co/Afzy5kF4Us,0.162,0.0,0.838,0.4019
336,@FoxNews,Mon Jan 08 20:12:35 +0000 2018,.@POTUS arrives in Nashville for speech to American Farm Bureau Federation https://t.co/1pIshXDcDA,0.0,0.0,1.0,0.0
337,@FoxNews,Mon Jan 08 20:08:23 +0000 2018,"#Trump lawyers consider possible interview of president by Mueller team, @johnrobertsFox reports… https://t.co/eLMWu342rk",0.0,0.0,1.0,0.0
338,@FoxNews,Mon Jan 08 20:03:50 +0000 2018,DOJ official who concealed meetings with #Trump dossier figures loses another job title https://t.co/lW2kqSSLDc,0.0,0.15,0.85,-0.3182
339,@FoxNews,Mon Jan 08 19:57:14 +0000 2018,.@KatTimpf Teaches Her Own 'Masterclass': How to Be a Cable News Pundit https://t.co/xrxY2tJ1E4,0.0,0.0,1.0,0.0
340,@FoxNews,Mon Jan 08 19:53:32 +0000 2018,.@Judgenap: Mueller Believes Manafort Will Roll Over on President #Trump https://t.co/BgvGb1uQRr,0.0,0.0,1.0,0.0
341,@FoxNews,Mon Jan 08 19:52:48 +0000 2018,"OPINION: @SteveHiltonx: Say goodbye to Alexa and Siri, resist the temptations of Google Home and make your life mor… https://t.co/apem8SGEgP",0.0,0.0,1.0,0.0
342,@FoxNews,Mon Jan 08 19:48:30 +0000 2018,"All charges against rancher Cliven Bundy, three others are dismissed https://t.co/Ln4b9FVDPj https://t.co/SPtuUT77It",0.0,0.16,0.84,-0.2732
343,@FoxNews,Mon Jan 08 19:45:16 +0000 2018,"3 dead, 1 injured in apparent murder-suicide at Texas resort, police say https://t.co/ZVDV2PPINg",0.0,0.438,0.562,-0.7906
344,@FoxNews,Mon Jan 08 19:43:05 +0000 2018,"""DRAIN THE PUTT"": A @ClemsonUniv student made the crowd erupt into cheers after he sank a 94-foot putt and won $10,… https://t.co/8keK8wnWI2",0.274,0.0,0.726,0.7783
345,@FoxNews,Mon Jan 08 19:42:29 +0000 2018,WikiLeaks tweets then deletes link to text of new #Trump book https://t.co/M6qoYwYFDX,0.0,0.0,1.0,0.0
346,@FoxNews,Mon Jan 08 19:37:47 +0000 2018,OPINION: @RepMikeTurner: The Obama-era neglect of our military must come to an end (via @FoxNewsOpinion) https://t.co/75TTTDusqA,0.0,0.167,0.833,-0.4588
347,@FoxNews,Mon Jan 08 19:34:27 +0000 2018,"MS-13 gang member who stabbed 15-year-old girl 13 times, sliced off tattoo pleads guilty to brutal killing https://t.co/Q2DCwPSwnF",0.0,0.504,0.496,-0.9349
348,@FoxNews,Mon Jan 08 19:31:05 +0000 2018,"Marie Harf on celebrities dubbing @Oprah 'our future president': ""All of these old rules about what is acceptable d… https://t.co/u1kD0945EA",0.108,0.0,0.892,0.3182
349,@FoxNews,Mon Jan 08 19:27:54 +0000 2018,"JUST IN: @MittRomney treated over summer for prostate cancer, prognosis good https://t.co/jd6xzQSTlu",0.168,0.254,0.578,-0.3612
350,@FoxNews,Mon Jan 08 19:27:06 +0000 2018,".@HolmesJosh on celebrities dubbing @Oprah 'our future president':  ""What you're looking at is a Democratic Party t… https://t.co/BCVlfP4upG",0.144,0.0,0.856,0.4019
351,@FoxNews,Mon Jan 08 19:20:08 +0000 2018,"It's Kim Jong Un's birthday (probably), but North Koreans aren't celebrating https://t.co/LW21Oue5zE",0.0,0.267,0.733,-0.612
352,@FoxNews,Mon Jan 08 19:14:56 +0000 2018,Hero whale saves snorkeler from tiger shark in the Pacific Ocean https://t.co/62h0QMnvo4,0.247,0.0,0.753,0.5574
353,@FoxNews,Mon Jan 08 19:11:48 +0000 2018,".@RepLizCheney: ""One of the things you can count on with this president is he's not going to be somebody who agrees… https://t.co/KfZR7Lhzmo",0.0,0.0,1.0,0.0
354,@FoxNews,Mon Jan 08 19:05:46 +0000 2018,Richie Incognito accused of using 'weak racist slurs' during Jacksonville game https://t.co/q3dpnXyCLP,0.0,0.503,0.497,-0.8442
355,@FoxNews,Mon Jan 08 18:59:40 +0000 2018,Marchesa designs absent from #GoldenGlobes red carpet https://t.co/dAEeZ8GHo4,0.0,0.0,1.0,0.0
356,@FoxNews,Mon Jan 08 18:56:36 +0000 2018,#Trump administration ends TPS for El Salvador immigrants: What are these temporary protections? https://t.co/Vey7kLfQvU,0.0,0.0,1.0,0.0
357,@FoxNews,Mon Jan 08 18:53:08 +0000 2018,Loretta Lynn's sister Crystal Gayle asks fans to pray for country legend after Lynn breaks hip https://t.co/uSQySDyu6n,0.126,0.0,0.874,0.3182
358,@FoxNews,Mon Jan 08 18:51:09 +0000 2018,Dem-ordered study to expose illegal online gun sales backfires (via @brookefoxnews) https://t.co/qdH76Yc711,0.0,0.458,0.542,-0.765
359,@FoxNews,Mon Jan 08 18:45:45 +0000 2018,Princess Charlotte starts 1st day of school with new portraits https://t.co/2SQvAg9kDw https://t.co/CDVTdUmzlj,0.0,0.0,1.0,0.0
360,@FoxNews,Mon Jan 08 18:41:54 +0000 2018,".@JessicaTarlov: ""I think that working together is going to really benefit Democrats at this point, because America… https://t.co/EmfFCpwNdN",0.162,0.0,0.838,0.5095
361,@FoxNews,Mon Jan 08 18:38:43 +0000 2018,CES 2018: LG Display unveils 65-inch rollable TV https://t.co/f8Qpewd0xr,0.0,0.0,1.0,0.0
362,@FoxNews,Mon Jan 08 18:35:29 +0000 2018,".@RepDeSantis: Kim Jong Un ""wants to hold onto power at all costs. He's running a country that's effectively a pris… https://t.co/I9iJ4aR5IN",0.139,0.0,0.861,0.4404
363,@FoxNews,Mon Jan 08 18:32:47 +0000 2018,"RT @EricShawnTV: Insight on bringing freedom to #Iran as #Iranprotests, #Iranainprotests and #Iranianprotesters  vow to continue their defi…",0.198,0.0,0.802,0.6369
364,@FoxNews,Mon Jan 08 18:30:46 +0000 2018,"""If you're Kim Jong Un you've got to look at this president and say, 'This may not be somebody I really want to mes… https://t.co/XRI5mRgZsn",0.065,0.0,0.935,0.1513
365,@FoxNews,Mon Jan 08 18:29:20 +0000 2018,"Dem-ordered study to expose illegal online gun sales backfires - via @brookefoxnews
https://t.co/aLzqz0Bah6",0.0,0.458,0.542,-0.765
366,@FoxNews,Mon Jan 08 18:26:17 +0000 2018,"If you have a case of the Mondays, watch this adorable video of baby sisters hugging. https://t.co/UdEY208BHF",0.319,0.0,0.681,0.7615
367,@FoxNews,Mon Jan 08 18:21:37 +0000 2018,BREAKING: Federal judge dismisses all charges against Nevada rancher Cliven Bundy and 3 others https://t.co/Ln4b9FVDPj,0.0,0.139,0.861,-0.2732
368,@FoxNews,Mon Jan 08 18:18:15 +0000 2018,"President #Trump departs Joint Base Andrews for speech to American Farm Bureau in Nashville, TN https://t.co/WZ2BYl1R97",0.0,0.0,1.0,0.0
369,@FoxNews,Mon Jan 08 18:13:18 +0000 2018,".@RajShah45: ""[The #Trump Administration has] had so many tremendous successes, with @POTUS leading this spectacula… https://t.co/nsV432haSZ",0.205,0.0,0.795,0.5945
370,@FoxNews,Mon Jan 08 18:06:57 +0000 2018,".@RajShah45 on  Michael Wolff’s book “Fire and Fury: Inside the Trump White House”: ""This book has little to no cre… https://t.co/wyGscYQORA",0.0,0.228,0.772,-0.683
371,@FoxNews,Mon Jan 08 17:57:39 +0000 2018,Florida couple's 'getaway' treehouse must come down after Supreme Court declines to hear case https://t.co/xJu37kcXQs,0.205,0.0,0.795,0.5574
372,@FoxNews,Mon Jan 08 17:54:22 +0000 2018,"Girl saved by firefighters, nurses at basketball tournament after falling into cardiac arrest https://t.co/ekIlx6gDsh",0.157,0.225,0.618,-0.0516
373,@FoxNews,Mon Jan 08 17:52:41 +0000 2018,Supreme Court won't step into Mississippi gay rights legal fight https://t.co/ajDwJ5zMDy,0.325,0.166,0.51,0.3612
374,@FoxNews,Mon Jan 08 17:49:01 +0000 2018,.@NAACP calls for 'snowflake' protest against #Trump at College Football Championship https://t.co/8vyDt2UbbX,0.195,0.134,0.671,0.2263
375,@FoxNews,Mon Jan 08 17:46:59 +0000 2018,"Obamas criticized for lavish library plans, including 'test kitchen' https://t.co/KUnZXeED7P",0.0,0.217,0.783,-0.3612
376,@FoxNews,Mon Jan 08 17:37:34 +0000 2018,".@KennedyNation on Steve Bannon's #Trump criticism: ""When you go after [@POTUS'] family, and particularly his child… https://t.co/UK94HTD5gk",0.0,0.153,0.847,-0.4404
377,@FoxNews,Mon Jan 08 17:28:58 +0000 2018,Barbra Streisand slams Golden Globes for lack of female director awards https://t.co/cMVizyjgRu,0.196,0.15,0.654,0.1779
378,@FoxNews,Mon Jan 08 17:13:21 +0000 2018,".@RepDeSantis on  Michael Wolff’s book “Fire and Fury: Inside the Trump White House”: ""[@POTUS] is not going to let… https://t.co/F6K2JXV4Ef",0.0,0.163,0.837,-0.5719
379,@FoxNews,Mon Jan 08 17:09:34 +0000 2018,"Army Vet Stops Semi-Truck on Highway, Gets Out to Salute Fallen WWII Veteran https://t.co/bX50GbVrKL https://t.co/wPCFNloQxB",0.0,0.24,0.76,-0.4767
380,@FoxNews,Mon Jan 08 17:08:35 +0000 2018,Teen girl who shaved head for charity accused of violating academy's 'extreme haircut' policy https://t.co/EbGiOcpKT2,0.137,0.278,0.585,-0.4404
381,@FoxNews,Mon Jan 08 17:06:02 +0000 2018,Incredible Blackbeard discovery: Stunning find on buccaneer's ship reveals pirate reading habits https://t.co/TaPGTZIAF9,0.178,0.0,0.822,0.3818
382,@FoxNews,Mon Jan 08 17:03:14 +0000 2018,".@Richardafowler: ""[Dreamers] deserve the right to be Americans because they're pursuing the American Dream.""… https://t.co/UWPz3qazMC",0.0,0.0,1.0,0.0
383,@FoxNews,Mon Jan 08 16:55:29 +0000 2018,".@LawrenceBJones3: ""If the Democrats can simply agree to the wall and border security, then we can talk about the D… https://t.co/8pqFn77JtK",0.205,0.0,0.795,0.5994
384,@FoxNews,Mon Jan 08 16:53:12 +0000 2018,"Who is Recy Taylor, the woman @Oprah recognized in her #GoldenGlobes speech? https://t.co/qXFXE0x2EH",0.0,0.0,1.0,0.0
385,@FoxNews,Mon Jan 08 16:50:31 +0000 2018,Scientologist Elisabeth Moss slammed for 'hypocritical' #GoldenGlobes speech https://t.co/KB65QgAJX1,0.0,0.0,1.0,0.0
386,@FoxNews,Mon Jan 08 16:47:21 +0000 2018,Will Democrats run on impeachment in 2018 midterms? Don't count it out https://t.co/XOZsy0mt5p,0.0,0.0,1.0,0.0
387,@FoxNews,Mon Jan 08 16:44:41 +0000 2018,Three minor injuries in fire at #Trump Tower https://t.co/x7MBoaYmWN https://t.co/jkIPhQiglM,0.0,0.211,0.789,-0.34
388,@FoxNews,Mon Jan 08 16:41:27 +0000 2018,".@JMfreespeech: Michael Wolff’s book “Fire and Fury: Inside the Trump White House” is ""filled with things that real… https://t.co/0eTJMLkbGJ",0.0,0.171,0.829,-0.5719
389,@FoxNews,Mon Jan 08 16:34:25 +0000 2018,".@JoeConchaTV: ""[@POTUS] is unconventional, we get that completely. But we can't use that as an excuse to say that… https://t.co/MCxgfLItce",0.064,0.0,0.936,0.0772
390,@FoxNews,Mon Jan 08 16:29:23 +0000 2018,".@Jameshohmann: ""If Republicans can avoid some of these really nasty, devastating primary fights, their odds of hol… https://t.co/cSkcdTjWDd",0.0,0.489,0.511,-0.9242
391,@FoxNews,Mon Jan 08 16:20:22 +0000 2018,Apple investors urge tech giant to help curb iPhone addiction among kids https://t.co/AX4ghdXA8E,0.184,0.0,0.816,0.4019
392,@FoxNews,Mon Jan 08 16:17:40 +0000 2018,#Trump administration to end special protections for Salvadoran immigrants https://t.co/2l03NxOZLb https://t.co/Fn3z15NhLe,0.213,0.0,0.787,0.4019
393,@FoxNews,Mon Jan 08 16:12:33 +0000 2018,".@@CBedfordDC: ""If you don't have the skills to succeed in a foreign country...we're going to have a separation of… https://t.co/thg1UnhJst",0.158,0.0,0.842,0.4939
394,@FoxNews,Mon Jan 08 16:10:43 +0000 2018,RT @EricShawnTV: There was a #fire at #Trump Tower this morning. #FDNY #NYPD #SecretService were on it. Question if @POTUS @realDonaldTrump…,0.0,0.0,1.0,0.0
395,@FoxNews,Mon Jan 08 16:01:48 +0000 2018,NBC blames 'third party' for #GoldenGlobes tweet that appeared to endorse Oprah Winfrey for president https://t.co/zIfLnPqeFl,0.242,0.13,0.628,0.3182
396,@FoxNews,Mon Jan 08 16:00:00 +0000 2018,"Democratic strategist @EmTSusson on DACA: ""Everything [@POTUS] does is just putting more chaos into the system."" https://t.co/Zxsxzz5D8K",0.0,0.2,0.8,-0.6115
397,@FoxNews,Mon Jan 08 15:56:34 +0000 2018,"Aquesta Bank Gives Out $1K Bonuses, Hikes Minimum Wage After New Tax Cuts https://t.co/bo7DKTSGAD",0.202,0.124,0.674,0.34
398,@FoxNews,Mon Jan 08 15:55:00 +0000 2018,".@Judgenap: ""There must not only be justice, there must be the appearance of justice in what the @FBI and… https://t.co/zoG1QCTlqo",0.0,0.236,0.764,-0.6759
399,@FoxNews,Mon Jan 08 15:52:48 +0000 2018,The Ford F-150 diesel will be the most fuel efficient full-size pickup https://t.co/jHjJv8Kpp9,0.204,0.0,0.796,0.4728
400,@nytimes,Mon Jan 08 22:47:04 +0000 2018,2 Apple investors are pushing the company to limit technology's effects on children https://t.co/tT4PEsbm0J,0.0,0.0,1.0,0.0
401,@nytimes,Mon Jan 08 22:32:04 +0000 2018,The complete list of winners at the 2018 Golden Globes https://t.co/bhC6fTb4B8,0.237,0.0,0.763,0.4767
402,@nytimes,Mon Jan 08 22:17:03 +0000 2018,New Jersey lifted a ban on a bestselling book about mass incarceration after the ACLU called the prohibition “ironi… https://t.co/BGn8CeeaGR,0.0,0.175,0.825,-0.5574
403,@nytimes,Mon Jan 08 22:00:39 +0000 2018,"“We had hope that if we worked hard, paid our taxes and didn’t get in trouble we would be allowed to stay” https://t.co/X8L2cyVr7Z",0.107,0.152,0.741,-0.0516
404,@nytimes,Mon Jan 08 21:47:05 +0000 2018,The genetic fingerprinting methods that have been so successful in the criminal justice system are now being used t… https://t.co/yb8pmDYv99,0.288,0.119,0.593,0.7065
405,@nytimes,Mon Jan 08 21:33:08 +0000 2018,"Opinion: Oprah, don't do it https://t.co/ElEv8o20TP",0.0,0.0,1.0,0.0
406,@nytimes,Mon Jan 08 21:20:03 +0000 2018,The @nytimesbooks review of “Fire and Fury: Inside the Trump White House” by Michael Wolff https://t.co/f96fh7MwFn,0.0,0.198,0.802,-0.5719
407,@nytimes,Mon Jan 08 21:10:05 +0000 2018,"RT @rpogrebin: BIG ART NEWS A Mega-dealer is getting more mega: David Zwirner is planning a new $50m gallery in Chelsea, designed by Renzo…",0.0,0.0,1.0,0.0
408,@nytimes,Mon Jan 08 20:55:04 +0000 2018,"Just about anyone can enter this visa-free zone between Kazakhstan and China — that is, except for men with long be… https://t.co/7Wl4cMH8zS",0.0,0.0,1.0,0.0
409,@nytimes,Mon Jan 08 20:46:56 +0000 2018,"Another NYT reader's reaction to the Trump administration announcement that nearly 200,000 Salvadorans must leave t… https://t.co/WEhbmWmmQA",0.0,0.07,0.93,-0.0516
410,@nytimes,Mon Jan 08 20:40:12 +0000 2018,"A reader reacting to the Trump administration announcement that nearly 200,000 Salvadorans must leave the U.S.… https://t.co/KuCCc2U12J",0.0,0.074,0.926,-0.0516
411,@nytimes,Mon Jan 08 20:25:06 +0000 2018,"The charges against the Bundys, who led an armed standoff at their ranch in 2014, have been dismissed by a federal… https://t.co/mwlFaxG1qr",0.0,0.095,0.905,-0.2732
412,@nytimes,Mon Jan 08 20:10:06 +0000 2018,"Best: Oprah Winfrey's speech, Natalie Portman's one-liner 
Worst: Mostly silent men, some of those red-carpet inter… https://t.co/xttPAYDe4N",0.18,0.176,0.644,0.0258
413,@nytimes,Mon Jan 08 19:55:13 +0000 2018,"How an abolitionist, pro-North Civil War hymn came to be the fight song of a football team in the Deep South https://t.co/Nl908Tb50x",0.0,0.255,0.745,-0.7579
414,@nytimes,Mon Jan 08 19:40:06 +0000 2018,"Carrie Gracie said she was offered a raise before resigning as the BBC’s China editor, but one that still did not b… https://t.co/fjI9hJ0OIN",0.0,0.065,0.935,-0.1154
415,@nytimes,Mon Jan 08 19:25:02 +0000 2018,RT @nytimesES: Casi 200.000 salvadoreños que tenían permiso de vivir en Estados Unidos por más de una década ahora deberán irse del país. h…,0.0,0.0,1.0,0.0
416,@nytimes,Mon Jan 08 19:10:04 +0000 2018,"Marinate today, grill tomorrow https://t.co/JoFJ3RdE5z",0.0,0.0,1.0,0.0
417,@nytimes,Mon Jan 08 19:00:09 +0000 2018,RT @comradewong: How will a reborn Chinese empire shape the world? My thoughts on leaving China after nearly a decade reporting there for t…,0.0,0.0,1.0,0.0
418,@nytimes,Mon Jan 08 18:47:55 +0000 2018,Breaking News: A fraternity has been banned from operating in Pennsylvania for 10 years after a pledge died in a 20… https://t.co/yIZI20F5MF,0.0,0.28,0.72,-0.765
419,@nytimes,Mon Jan 08 18:35:09 +0000 2018,"A handful of Mexican towns and cities are effectively seceding from the state. Sometimes with money, sometimes with… https://t.co/0yVm5GFYnA",0.146,0.0,0.854,0.4404
420,@nytimes,Mon Jan 08 18:20:28 +0000 2018,"RT @adamliptak: “I have wondered if black people even have souls,” said a juror in a death penalty case.  On Monday, the Supreme Court call…",0.118,0.226,0.656,-0.5106
421,@nytimes,Mon Jan 08 18:10:13 +0000 2018,"Nearly 200,000 people from El Salvador who have been allowed to live in the U.S. for more than a decade must leave… https://t.co/XOPsyYGjKI",0.0,0.0,1.0,0.0
422,@nytimes,Mon Jan 08 18:00:17 +0000 2018,RT @ThomasErdbrink: “The problem is that we want two generations after us to live the way we like them to.” https://t.co/HP2qmmJfks,0.155,0.11,0.735,0.0258
423,@nytimes,Mon Jan 08 17:50:19 +0000 2018,"At least 4 people from 3 states have lined up to claim Charles Manson’s body, his property or both in the weeks sin… https://t.co/seg8USY4ll",0.0,0.0,1.0,0.0
424,@nytimes,Mon Jan 08 17:40:13 +0000 2018,"“We’re already taxed and harassed, and soon they’ll be charging for air,” one fruit and vegetable vendor said https://t.co/P9t15mbBXF",0.0,0.163,0.837,-0.5423
425,@nytimes,Mon Jan 08 17:30:03 +0000 2018,"RT @dansaltzstein: We got 13,000 applications for our 52 Places Traveler job. We'll announce the winner later this week. In the meantime, a…",0.147,0.0,0.853,0.5859
426,@nytimes,Mon Jan 08 17:20:03 +0000 2018,"""The result was one of the most elegant, genuinely chic red carpets I’ve seen in Hollywood. Given meaning by the wo… https://t.co/kvzhTsZrCV",0.224,0.0,0.776,0.6962
427,@nytimes,Mon Jan 08 17:10:08 +0000 2018,"RT @jessbidgood: ""You have to shout to be heard above the wind, but you have nothing intelligent to say.” @kseelye on our trip up Mt. Washi…",0.0,0.114,0.886,-0.4973
428,@nytimes,Mon Jan 08 17:00:19 +0000 2018,A strong economy typically lifts a president's approval ratings. President Trump seems to be an exception. https://t.co/lFQBzplPI9,0.33,0.0,0.67,0.7506
429,@nytimes,Mon Jan 08 16:45:05 +0000 2018,Here’s a look at the highs and lows of Golden Globes night https://t.co/GFGXxBlCo1,0.0,0.141,0.859,-0.2023
430,@nytimes,Mon Jan 08 16:41:02 +0000 2018,It was so hot in Australia that the asphalt melted on a stretch of highway https://t.co/CZAndxpbjy,0.0,0.0,1.0,0.0
431,@nytimes,Mon Jan 08 16:30:22 +0000 2018,"RT @melbournecoal: The new editor of GLAMOUR is...Samantha Barry, the first top editor at Condé Nast with an exclusively digital and televi…",0.229,0.0,0.771,0.7125
432,@nytimes,Mon Jan 08 16:20:07 +0000 2018,FEMA is substantially redrawing New York City’s flood maps to account for climate change. Deciding who is in the fl… https://t.co/AgwOw3TItV,0.0,0.0,1.0,0.0
433,@nytimes,Mon Jan 08 16:10:04 +0000 2018,"RT @marcatracy: Tonight, Georgia's band will over and over play a Georgia fight song. It's ""Battle Hymn of the Republic."" How the Civil War…",0.087,0.188,0.725,-0.4215
434,@nytimes,Mon Jan 08 16:00:34 +0000 2018,Do parents make kids fat? https://t.co/4YjB4jynMC,0.0,0.0,1.0,0.0
435,@nytimes,Mon Jan 08 15:55:07 +0000 2018,"RT @nytvideo: The Trump administration will end a program that allowed nearly 200,000 people from El Salvador to stay in the U.S. In this v…",0.0,0.0,1.0,0.0
436,@nytimes,Mon Jan 08 15:51:07 +0000 2018,Some of the economic policies Trump's administration is pursuing are at odds with what many in the farm industry sa… https://t.co/Z6Fw7JV7x9,0.0,0.0,1.0,0.0
437,@nytimes,Mon Jan 08 15:41:05 +0000 2018,"RT @nytopinion: Trump's defenders have learned to praise him in order to steady him, writes @CharlesMBlow https://t.co/M4ihQXJKG9",0.246,0.0,0.754,0.5994
438,@nytimes,Mon Jan 08 15:33:07 +0000 2018,"Recy Taylor, who Oprah Winfrey mentioned in her Golden Globes speech, was abducted and raped by 6 white men in 1944… https://t.co/yNKXXg9dpp",0.0,0.294,0.706,-0.836
439,@nytimes,Mon Jan 08 15:20:13 +0000 2018,"President Hassan Rouhani of Iran lashed out at his hard-line opponents: ""One cannot force one's lifestyle on the fu… https://t.co/Q3IPF3oHOu",0.0,0.0,1.0,0.0
440,@nytimes,Mon Jan 08 15:20:05 +0000 2018,"Breaking News: Nearly 200,000 Salvadorans allowed to live in the U.S. temporarily after 2 earthquakes in 2001 must… https://t.co/m3rU3Opnnb",0.0,0.0,1.0,0.0
441,@nytimes,Mon Jan 08 15:11:08 +0000 2018,RT @NYTScience: “There’s this hollowness yet this ghostlike pain still there which is fascinating from a scientific perspective but horrifi…,0.105,0.1,0.794,0.0258
442,@nytimes,Mon Jan 08 15:10:07 +0000 2018,"Seth Meyers wisecracked about the notion that Oprah Winfrey might run for president. By the end of her speech, it s… https://t.co/225ffDJ7bI",0.0,0.067,0.933,-0.128
443,@nytimes,Mon Jan 08 15:04:55 +0000 2018,"RT @melbournecoal: BREAK: GLAMOUR has chosen its next top editor: Samantha Barry, an executive producer at CNN. Her digital and television…",0.238,0.0,0.762,0.7125
444,@nytimes,Mon Jan 08 15:00:35 +0000 2018,Morning Briefing: Here's what you need to know to start your day https://t.co/nv888KXNiY https://t.co/VofYEJ5Wmx,0.0,0.0,1.0,0.0
445,@nytimes,Mon Jan 08 14:46:05 +0000 2018,Video: #MeToo leads at the Golden Globes https://t.co/FGqPe6hoY2,0.0,0.0,1.0,0.0
446,@nytimes,Mon Jan 08 14:41:02 +0000 2018,"Last May, Jared Kushner accompanied President Trump on the pair’s first diplomatic trip to Israel.

Shortly before,… https://t.co/Wh8ixjfeAJ",0.0,0.0,1.0,0.0
447,@nytimes,Mon Jan 08 14:36:33 +0000 2018,"RT @UpshotNYT: The jobless rate is low; so are the president's approval ratings. Historically, there is something wrong with this picture.…",0.118,0.198,0.684,-0.2732
448,@nytimes,Mon Jan 08 14:31:09 +0000 2018,A fire broke out near the top of Trump Tower in New York. A firefighter was hurt by falling debris and 2 civilians… https://t.co/4hDyD7QG0Z,0.064,0.364,0.571,-0.8126
449,@nytimes,Mon Jan 08 14:15:14 +0000 2018,Eight pairs of actresses and activists attended the Golden Globes together. Here's what the talked about. https://t.co/sGsKyd6ayI,0.0,0.0,1.0,0.0
450,@nytimes,Mon Jan 08 14:00:22 +0000 2018,Bannon needs Breitbart. Does Breitbart need Bannon? https://t.co/tZJwuNPPJN,0.0,0.0,1.0,0.0
451,@nytimes,Mon Jan 08 13:46:07 +0000 2018,Natalie Portman delivered a line that instantly landed among the Golden Globes's most memorable https://t.co/MfWRlh8Qst,0.0,0.0,1.0,0.0
452,@nytimes,Mon Jan 08 13:32:06 +0000 2018,"""The Globes still celebrated the power players of a system in which Harvey Weinstein, whose abuses precipitated the… https://t.co/Wd3YTSqaSn",0.159,0.155,0.687,0.0258
453,@nytimes,Mon Jan 08 13:00:28 +0000 2018,Morning Briefing: Here's what you need to know to start your day https://t.co/23Cz3w9O2c https://t.co/CZj0pS6XM0,0.0,0.0,1.0,0.0
454,@nytimes,Mon Jan 08 12:45:15 +0000 2018,Iran has banned the teaching of English in primary schools to block Western “cultural invasion” https://t.co/aN2PrcD34n,0.0,0.296,0.704,-0.7096
455,@nytimes,Mon Jan 08 12:31:05 +0000 2018,"A senior BBC News editor accused the network of operating a ""secretive and illegal"" salary system that pays men mor… https://t.co/JB8M9n4B4r",0.0,0.254,0.746,-0.7003
456,@nytimes,Mon Jan 08 12:15:09 +0000 2018,A transcript of Seth Meyers's Golden Globes monologue https://t.co/MeEYazWZ6h,0.0,0.0,1.0,0.0
457,@nytimes,Mon Jan 08 12:00:21 +0000 2018,"President Trump defended his fitness for office after a new book raised questions about his mental health, calling… https://t.co/AZZgNfvkgC",0.11,0.0,0.89,0.2732
458,@nytimes,Mon Jan 08 11:50:08 +0000 2018,"Stephen Bannon tried backing away from his explosive comments, saying that the younger Trump was ""both a patriot an… https://t.co/TpdTx9rGoe",0.058,0.0,0.942,0.0258
459,@nytimes,Mon Jan 08 11:40:13 +0000 2018,"Read speeches from Elisabeth Moss, Laura Dern, Frances McDormand and Gary Oldman https://t.co/vXYIWzJyXj",0.0,0.0,1.0,0.0
460,@nytimes,Mon Jan 08 11:30:06 +0000 2018,Morning Briefing: Here's what you need to know to start your day https://t.co/onNxHFF46I https://t.co/uC0AobaWGP,0.0,0.0,1.0,0.0
461,@nytimes,Mon Jan 08 11:21:02 +0000 2018,"An Iranian oil tanker that collided with another ship off China's coast is at risk of exploding and sinking, the Ch… https://t.co/XrCcYABhA0",0.0,0.091,0.909,-0.2732
462,@nytimes,Mon Jan 08 11:11:02 +0000 2018,"RT @nytimesworld: Remember the “new Coke” blunder? The makers of Irn Bru, a popular Scottish soda, are facing a similar uproar from custome…",0.123,0.0,0.877,0.4215
463,@nytimes,Mon Jan 08 11:00:23 +0000 2018,Israel published a blacklist of 20 organizations whose leaders it has barred from entering the country for supporti… https://t.co/SSYCUKsLvl,0.0,0.0,1.0,0.0
464,@nytimes,Mon Jan 08 10:46:03 +0000 2018,"The strongest challenger to Egypt’s leader withdrew from the country’s presidential race, with his lawyer saying th… https://t.co/o6dlzUHSaX",0.216,0.0,0.784,0.5267
465,@nytimes,Mon Jan 08 10:29:02 +0000 2018,Read Oprah Winfrey's Golden Globes speech https://t.co/Q3O0v5mAmu,0.0,0.0,1.0,0.0
466,@nytimes,Mon Jan 08 10:15:12 +0000 2018,The police in Belfast said they were investigating a tweet by a member of Parliament who appeared to mock the anniv… https://t.co/hPyVFiNOXj,0.0,0.128,0.872,-0.4215
467,@nytimes,Mon Jan 08 09:59:03 +0000 2018,The complete list of winners at the 2018 Golden Globes https://t.co/BbxDaUeBJV,0.237,0.0,0.763,0.4767
468,@nytimes,Mon Jan 08 09:44:04 +0000 2018,RT @nytimesworld: How do you maintain a fence nearly twice as long as the U.S.-Mexico border? Ask Australia. https://t.co/tIvo6eTjgH,0.0,0.0,1.0,0.0
469,@nytimes,Mon Jan 08 09:31:01 +0000 2018,"Opinion: ""America is upside down and inside out. There's meaningless make-believe in the capital of politics. There… https://t.co/D9MIieTr87",0.0,0.146,0.854,-0.4404
470,@nytimes,Mon Jan 08 09:16:05 +0000 2018,"Countries are unsure whether to take President Trump's words as policy pronouncements, or whether they can be safel… https://t.co/w3BeqjVQSX",0.0,0.1,0.9,-0.25
471,@nytimes,Mon Jan 08 08:52:06 +0000 2018,Iran has banned the teaching of English in primary schools to block Western “cultural invasion” https://t.co/jod8Mlwjar,0.0,0.296,0.704,-0.7096
472,@nytimes,Mon Jan 08 08:37:05 +0000 2018,"RT @FrankBruni: In this anxious time of absent leadership, I found reassurance in the gestures, words and work honored at the Golden Globes…",0.229,0.082,0.69,0.6187
473,@nytimes,Mon Jan 08 08:22:05 +0000 2018,"Heavy snowfall. Face-freezing temperatures. Around the globe, another winter phenomenon was in full force: rescuing… https://t.co/YlGk9Halee",0.0,0.0,1.0,0.0
474,@nytimes,Mon Jan 08 08:07:11 +0000 2018,"Will Steve Bannon be able to hang on to Breitbart News?
 https://t.co/aLi0eFHf1C",0.0,0.0,1.0,0.0
475,@nytimes,Mon Jan 08 07:52:01 +0000 2018,"RT @nytimesarts: The Golden Globes was a half-protest, half party, where some stars spoke out for #TimesUp and others let their pins do the…",0.109,0.0,0.891,0.4019
476,@nytimes,Mon Jan 08 07:37:06 +0000 2018,Can tech companies like Google and Paytm convince Indian consumers to leave their cash at home? https://t.co/m4jc3kUfzS,0.228,0.061,0.711,0.5106
477,@nytimes,Mon Jan 08 07:22:06 +0000 2018,The votes are in: Oprah Winfrey won the night https://t.co/bueoAJBdn1,0.291,0.0,0.709,0.5719
478,@nytimes,Mon Jan 08 07:07:03 +0000 2018,RT @sewellchan: I was moved by @Oprah's remarks about Recy Taylor — and honored to have written our @NYTObits obituary about her: https://t…,0.16,0.0,0.84,0.5859
479,@nytimes,Mon Jan 08 06:52:00 +0000 2018,"Walking or cycling changes the makeup of our gut bacteria in ways that may promote health, a study found https://t.co/H3YPWim14a",0.126,0.0,0.874,0.3818
480,@nytimes,Mon Jan 08 06:37:04 +0000 2018,A suburb in Australia just had the hottest day on record https://t.co/ZhX1ngFRiW,0.0,0.0,1.0,0.0
481,@nytimes,Mon Jan 08 06:22:04 +0000 2018,A top BBC editor quit her post to protest what she said was a “secretive and illegal” salary system that pays men m… https://t.co/065Jp4a3HP,0.076,0.084,0.84,-0.0516
482,@nytimes,Mon Jan 08 06:07:27 +0000 2018,One of the great challenges for entrepreneurs who name their companies after themselves is serving their customers… https://t.co/oHtjfNnTvY,0.252,0.0,0.748,0.6597
483,@nytimes,Mon Jan 08 05:50:44 +0000 2018,"In an 11,500-year-old skeleton found in Alaska, scientists have found new clues to how people first arrived in the… https://t.co/HrX9q2fbZY",0.0,0.0,1.0,0.0
484,@nytimes,Mon Jan 08 05:35:18 +0000 2018,"As Trump Appeals to Farmers, Some of His Policies Don’t https://t.co/5wHodB1Gwl",0.0,0.0,1.0,0.0
485,@nytimes,Mon Jan 08 05:23:55 +0000 2018,"The experience was overwhelming, confusing (where are their parents?) and educational. Here’s what the sneaker expe… https://t.co/iz3enR4n5C",0.0,0.106,0.894,-0.2263
486,@nytimes,Mon Jan 08 05:09:35 +0000 2018,"In an ancient burial pit in Alaska, scientists have found new clues to how people first arrived in the Americas fro… https://t.co/xjQZgJNlF1",0.0,0.0,1.0,0.0
487,@nytimes,Mon Jan 08 04:52:06 +0000 2018,"Debra Messing, live on E!, chastised E! https://t.co/jcWr4yyKd6",0.0,0.351,0.649,-0.5837
488,@nytimes,Mon Jan 08 04:28:03 +0000 2018,"Natalie Portman: ""And here are the all-male nominees"" https://t.co/SlTDj01NI7",0.0,0.0,1.0,0.0
489,@nytimes,Mon Jan 08 04:18:00 +0000 2018,A full transcript of Oprah Winfrey's Golden Globes speech: https://t.co/Tvmp3xJDpO https://t.co/84WdtTcWnq,0.0,0.0,1.0,0.0
490,@nytimes,Mon Jan 08 04:16:50 +0000 2018,The complete list of winners at the 2018 Golden Globes https://t.co/Bl9qcHIOZg,0.237,0.0,0.763,0.4767
491,@nytimes,Mon Jan 08 04:11:40 +0000 2018,"""Three Billboards"" and ""Lady Bird"" won the top movie awards at the Golden Globes, and Oprah Winfrey jolted the crow… https://t.co/irHWXYldIx",0.321,0.0,0.679,0.8176
492,@nytimes,Mon Jan 08 04:07:49 +0000 2018,"Not everyone has been pleased with the Golden Globes success of ""Three Billboards Outside Ebbing, Missouri"" https://t.co/vAI40YiPYc",0.306,0.0,0.694,0.765
493,@nytimes,Mon Jan 08 04:06:29 +0000 2018,"The NYT review of ""Three Billboards Outside Ebbing, Missouri,"" which just won a Golden Globe for best drama https://t.co/N9AQ06BKEl",0.331,0.0,0.669,0.836
494,@nytimes,Mon Jan 08 04:02:02 +0000 2018,"Frances McDormand, in 2017: ""I’m not an actor because I want my picture taken. I’m an actor because I want to be pa… https://t.co/yUNPt4nLx9",0.115,0.0,0.885,0.1531
495,@nytimes,Mon Jan 08 03:53:04 +0000 2018,Photos: We sent a Pulitzer-prize winning photographer to capture the realities of the Golden Globes red carpet… https://t.co/SnHpnV2pWN,0.175,0.0,0.825,0.5267
496,@nytimes,Mon Jan 08 03:45:41 +0000 2018,"In most films, girls exist to be looked at. But in Greta Gerwig’s ""Lady Bird,"" the girl is the one who looks. From… https://t.co/Hcii8NtPQb",0.0,0.0,1.0,0.0
497,@nytimes,Mon Jan 08 03:44:23 +0000 2018,"The NYT review of ""Lady Bird,"" which just won a Golden Globe for best comedy/musical https://t.co/TctuZGKtlA",0.378,0.0,0.622,0.836
498,@nytimes,Mon Jan 08 03:36:07 +0000 2018,"RT @nytimesarts: Saoirse Ronan wins the Golden Globe for best actress in a movie, comedy/musical for ""Lady Bird""",0.345,0.0,0.655,0.836
499,@nytimes,Mon Jan 08 03:31:38 +0000 2018,"Reese Witherspoon: ""People out there who are feeling silenced – we see you, we hear you and we will tell your story"" https://t.co/rgbbntDM54",0.067,0.0,0.933,0.128
